-- phpMyAdmin SQL Dump
-- version 5.2.1
-- https://www.phpmyadmin.net/
--
-- Host: db:3306
-- Generation Time: May 11, 2024 at 07:13 AM
-- Server version: 8.3.0
-- PHP Version: 8.2.8

SET SQL_MODE = "NO_AUTO_VALUE_ON_ZERO";
START TRANSACTION;
SET time_zone = "+00:00";


/*!40101 SET @OLD_CHARACTER_SET_CLIENT=@@CHARACTER_SET_CLIENT */;
/*!40101 SET @OLD_CHARACTER_SET_RESULTS=@@CHARACTER_SET_RESULTS */;
/*!40101 SET @OLD_COLLATION_CONNECTION=@@COLLATION_CONNECTION */;
/*!40101 SET NAMES utf8mb4 */;

--
-- Database: `group16`
--

-- --------------------------------------------------------

--
-- Table structure for table `bin`
--

CREATE TABLE `bin` (
  `bin_id` int NOT NULL,
  `name` varchar(100) CHARACTER SET utf8mb3 COLLATE utf8mb3_general_ci NOT NULL,
  `location` varchar(100) NOT NULL,
  `lat` decimal(9,6) NOT NULL,
  `lon` decimal(9,6) NOT NULL,
  `waste_type` varchar(50) NOT NULL,
  `capacity` decimal(10,2) NOT NULL,
  `collect_freq` varchar(50) NOT NULL
) ENGINE=InnoDB DEFAULT CHARSET=utf8mb3;

--
-- Dumping data for table `bin`
--

INSERT INTO `bin` (`bin_id`, `name`, `location`, `lat`, `lon`, `waste_type`, `capacity`, `collect_freq`) VALUES
(1, 'Jullaphong House', 'Thanyaburi', 14.003589, 100.695032, 'general', 35.00, 'daily'),
(2, 'Phimnada House', 'Lam Luk Ka', 13.885775, 100.649384, 'general', 42.50, 'daily');

-- --------------------------------------------------------

--
-- Table structure for table `waste`
--

CREATE TABLE `waste` (
  `waste_id` int UNSIGNED NOT NULL,
  `bin_id` int NOT NULL,
  `timestamp` timestamp NOT NULL,
  `level` decimal(6,2) NOT NULL
) ENGINE=InnoDB DEFAULT CHARSET=utf8mb3;

--
-- Dumping data for table `waste`
--

INSERT INTO `waste` (`waste_id`, `bin_id`, `timestamp`, `level`) VALUES
(1, 1, '2024-04-14 07:00:00', 0.00),
(2, 1, '2024-04-14 08:00:00', 3.42),
(3, 1, '2024-04-14 09:00:00', 0.00),
(4, 1, '2024-04-14 10:00:00', 5.41),
(5, 1, '2024-04-14 11:00:00', 2.12),
(6, 1, '2024-04-14 12:00:00', 14.23),
(7, 1, '2024-04-14 13:00:00', 0.00),
(8, 1, '2024-04-14 14:00:00', 0.00),
(9, 1, '2024-04-14 15:00:00', 0.00),
(10, 1, '2024-04-14 16:00:00', 0.00),
(11, 1, '2024-04-14 17:00:00', 0.00),
(12, 1, '2024-04-14 18:00:00', 0.00),
(13, 1, '2024-04-14 19:00:00', 0.00),
(14, 1, '2024-04-14 20:00:00', 0.00),
(15, 1, '2024-04-14 21:00:00', 0.00),
(16, 1, '2024-04-14 22:00:00', 0.00),
(17, 1, '2024-04-14 23:00:00', 0.00),
(18, 1, '2024-04-15 00:00:00', 0.00),
(19, 1, '2024-04-15 01:00:00', 0.00),
(20, 1, '2024-04-15 02:00:00', 10.46),
(21, 1, '2024-04-15 03:00:00', 8.13),
(22, 1, '2024-04-15 04:00:00', 0.00),
(23, 1, '2024-04-15 05:00:00', 7.15),
(24, 1, '2024-04-15 06:00:00', 0.00),
(25, 1, '2024-04-15 07:00:00', 2.92),
(26, 1, '2024-04-15 08:00:00', 2.54),
(27, 1, '2024-04-15 09:00:00', 0.00),
(28, 1, '2024-04-15 10:00:00', 0.00),
(29, 1, '2024-04-15 11:00:00', 0.00),
(30, 1, '2024-04-15 12:00:00', 0.00),
(31, 1, '2024-04-15 13:00:00', 0.00),
(32, 1, '2024-04-15 14:00:00', 0.00),
(33, 1, '2024-04-15 15:00:00', 0.00),
(34, 1, '2024-04-15 16:00:00', 0.00),
(35, 1, '2024-04-15 17:00:00', 0.00),
(36, 1, '2024-04-15 18:00:00', 0.00),
(37, 1, '2024-04-15 19:00:00', 0.00),
(38, 1, '2024-04-15 20:00:00', 0.00),
(39, 1, '2024-04-15 21:00:00', 0.00),
(40, 1, '2024-04-15 22:00:00', 0.00),
(41, 1, '2024-04-15 23:00:00', 0.00),
(42, 1, '2024-04-16 00:00:00', 0.00),
(43, 1, '2024-04-16 01:00:00', 5.67),
(44, 1, '2024-04-16 02:00:00', 0.00),
(45, 1, '2024-04-16 03:00:00', 0.00),
(46, 1, '2024-04-16 04:00:00', 6.39),
(47, 1, '2024-04-16 05:00:00', 6.05),
(48, 1, '2024-04-16 06:00:00', 0.00),
(49, 1, '2024-04-16 07:00:00', 2.15),
(50, 1, '2024-04-16 08:00:00', 1.96),
(51, 1, '2024-04-16 09:00:00', 0.00),
(52, 1, '2024-04-16 10:00:00', 7.16),
(53, 1, '2024-04-16 11:00:00', 0.00),
(54, 1, '2024-04-16 12:00:00', 0.00),
(55, 1, '2024-04-16 13:00:00', 0.00),
(56, 1, '2024-04-16 14:00:00', 0.00),
(57, 1, '2024-04-16 15:00:00', 0.00),
(58, 1, '2024-04-16 16:00:00', 0.00),
(59, 1, '2024-04-16 17:00:00', 0.00),
(60, 1, '2024-04-16 18:00:00', 0.00),
(61, 1, '2024-04-16 19:00:00', 0.00),
(62, 1, '2024-04-16 20:00:00', 0.00),
(63, 1, '2024-04-16 21:00:00', 0.00),
(64, 1, '2024-04-16 22:00:00', 0.00),
(65, 1, '2024-04-16 23:00:00', 0.00),
(66, 1, '2024-04-17 00:00:00', 0.00),
(67, 1, '2024-04-17 01:00:00', 0.00),
(68, 1, '2024-04-17 02:00:00', 7.03),
(69, 1, '2024-04-17 03:00:00', 1.53),
(70, 1, '2024-04-17 04:00:00', 0.00),
(71, 1, '2024-04-17 05:00:00', 6.85),
(72, 1, '2024-04-17 06:00:00', 3.57),
(73, 1, '2024-04-17 07:00:00', 1.24),
(74, 1, '2024-04-17 08:00:00', 2.18),
(75, 1, '2024-04-17 09:00:00', 0.00),
(76, 1, '2024-04-17 10:00:00', 2.11),
(77, 1, '2024-04-17 11:00:00', 7.16),
(78, 1, '2024-04-17 12:00:00', 0.00),
(79, 1, '2024-04-17 13:00:00', 0.00),
(80, 1, '2024-04-17 14:00:00', 0.00),
(81, 1, '2024-04-17 15:00:00', 0.00),
(82, 1, '2024-04-17 16:00:00', 0.00),
(83, 1, '2024-04-17 17:00:00', 0.00),
(84, 1, '2024-04-17 18:00:00', 0.00),
(85, 1, '2024-04-17 19:00:00', 0.00),
(86, 1, '2024-04-17 20:00:00', 0.00),
(87, 1, '2024-04-17 21:00:00', 0.00),
(88, 1, '2024-04-17 22:00:00', 0.00),
(89, 1, '2024-04-17 23:00:00', 0.00),
(90, 1, '2024-04-18 00:00:00', 0.00),
(91, 1, '2024-04-18 01:00:00', 5.84),
(92, 1, '2024-04-18 02:00:00', 0.00),
(93, 1, '2024-04-18 03:00:00', 3.21),
(94, 1, '2024-04-18 04:00:00', 0.00),
(95, 1, '2024-04-18 05:00:00', 6.57),
(96, 1, '2024-04-18 06:00:00', 4.95),
(97, 1, '2024-04-18 07:00:00', 0.00),
(98, 1, '2024-04-18 08:00:00', 0.00),
(99, 1, '2024-04-18 09:00:00', 4.26),
(100, 1, '2024-04-18 10:00:00', 4.83),
(101, 1, '2024-04-18 11:00:00', 2.04),
(102, 1, '2024-04-18 12:00:00', 1.53),
(103, 1, '2024-04-18 13:00:00', 0.00),
(104, 1, '2024-04-18 14:00:00', 0.00),
(105, 1, '2024-04-18 15:00:00', 0.00),
(106, 1, '2024-04-18 16:00:00', 0.00),
(107, 1, '2024-04-18 17:00:00', 0.00),
(108, 1, '2024-04-18 18:00:00', 0.00),
(109, 1, '2024-04-18 19:00:00', 0.00),
(110, 1, '2024-04-18 20:00:00', 0.00),
(111, 1, '2024-04-18 21:00:00', 0.00),
(112, 1, '2024-04-18 22:00:00', 0.00),
(113, 1, '2024-04-18 23:00:00', 0.00),
(114, 1, '2024-04-19 00:00:00', 0.00),
(115, 1, '2024-04-19 01:00:00', 7.53),
(116, 1, '2024-04-19 02:00:00', 0.00),
(117, 1, '2024-04-19 03:00:00', 3.79),
(118, 1, '2024-04-19 04:00:00', 0.00),
(119, 1, '2024-04-19 05:00:00', 1.67),
(120, 1, '2024-04-19 06:00:00', 7.78),
(121, 1, '2024-04-19 07:00:00', 0.00),
(122, 1, '2024-04-19 08:00:00', 2.94),
(123, 1, '2024-04-19 09:00:00', 0.00),
(124, 1, '2024-04-19 10:00:00', 0.00),
(125, 1, '2024-04-19 11:00:00', 6.80),
(126, 1, '2024-04-19 12:00:00', 3.54),
(127, 1, '2024-04-19 13:00:00', 0.00),
(128, 1, '2024-04-19 14:00:00', 0.00),
(129, 1, '2024-04-19 15:00:00', 0.00),
(130, 1, '2024-04-19 16:00:00', 0.00),
(131, 1, '2024-04-19 17:00:00', 0.00),
(132, 1, '2024-04-19 18:00:00', 0.00),
(133, 1, '2024-04-19 19:00:00', 0.00),
(134, 1, '2024-04-19 20:00:00', 0.00),
(135, 1, '2024-04-19 21:00:00', 0.00),
(136, 1, '2024-04-19 22:00:00', 0.00),
(137, 1, '2024-04-19 23:00:00', 0.00),
(138, 1, '2024-04-20 00:00:00', 0.00),
(139, 1, '2024-04-20 01:00:00', 0.00),
(140, 1, '2024-04-20 02:00:00', 8.23),
(141, 1, '2024-04-20 03:00:00', 0.00),
(142, 1, '2024-04-20 04:00:00', 5.40),
(143, 1, '2024-04-20 05:00:00', 3.69),
(144, 1, '2024-04-20 06:00:00', 4.18),
(145, 1, '2024-04-20 07:00:00', 0.00),
(146, 1, '2024-04-20 08:00:00', 0.00),
(147, 1, '2024-04-20 09:00:00', 0.00),
(148, 1, '2024-04-20 10:00:00', 2.36),
(149, 1, '2024-04-20 11:00:00', 3.47),
(150, 1, '2024-04-20 12:00:00', 4.87),
(151, 1, '2024-04-20 13:00:00', 0.00),
(152, 1, '2024-04-20 14:00:00', 0.00),
(153, 1, '2024-04-20 15:00:00', 0.00),
(154, 1, '2024-04-20 16:00:00', 0.00),
(155, 1, '2024-04-20 17:00:00', 0.00),
(156, 1, '2024-04-20 18:00:00', 0.00),
(157, 1, '2024-04-20 19:00:00', 0.00),
(158, 1, '2024-04-20 20:00:00', 0.00),
(159, 1, '2024-04-20 21:00:00', 0.00),
(160, 1, '2024-04-20 22:00:00', 0.00),
(161, 1, '2024-04-20 23:00:00', 0.00),
(162, 1, '2024-04-21 00:00:00', 0.00),
(163, 1, '2024-04-21 01:00:00', 4.67),
(164, 1, '2024-04-21 02:00:00', 0.00),
(165, 1, '2024-04-21 03:00:00', 0.00),
(167, 2, '2024-04-21 04:00:00', 5.38),
(168, 2, '2024-04-21 05:00:00', 4.51),
(169, 2, '2024-04-21 06:00:00', 1.94),
(170, 2, '2024-04-21 07:00:00', 0.00),
(171, 2, '2024-04-21 08:00:00', 0.00),
(172, 2, '2024-04-21 09:00:00', 2.16),
(173, 2, '2024-04-21 10:00:00', 0.00),
(174, 2, '2024-04-21 11:00:00', 2.15),
(175, 2, '2024-04-21 12:00:00', 4.74),
(176, 2, '2024-04-21 13:00:00', 0.00),
(177, 2, '2024-04-21 14:00:00', 0.00),
(178, 2, '2024-04-21 15:00:00', 0.00),
(179, 2, '2024-04-21 16:00:00', 0.00),
(180, 2, '2024-04-21 17:00:00', 0.00),
(181, 2, '2024-04-21 18:00:00', 0.00),
(182, 2, '2024-04-21 19:00:00', 0.00),
(183, 2, '2024-04-21 20:00:00', 0.00),
(184, 2, '2024-04-21 21:00:00', 0.00),
(185, 2, '2024-04-21 22:00:00', 0.00),
(186, 2, '2024-04-21 23:00:00', 0.00),
(187, 2, '2024-04-22 00:00:00', 0.00),
(188, 2, '2024-04-22 01:00:00', 3.74),
(189, 2, '2024-04-22 02:00:00', 4.13),
(190, 2, '2024-04-22 03:00:00', 0.00),
(191, 2, '2024-04-22 04:00:00', 1.54),
(192, 2, '2024-04-22 05:00:00', 4.58),
(193, 2, '2024-04-22 06:00:00', 0.00),
(194, 2, '2024-04-22 07:00:00', 0.00),
(195, 2, '2024-04-22 08:00:00', 2.73),
(196, 2, '2024-04-22 09:00:00', 0.00),
(197, 2, '2024-04-22 10:00:00', 5.16),
(198, 2, '2024-04-22 11:00:00', 1.34),
(199, 2, '2024-04-22 12:00:00', 0.00),
(200, 2, '2024-04-22 13:00:00', 0.00),
(201, 2, '2024-04-22 14:00:00', 0.00),
(202, 2, '2024-04-22 15:00:00', 0.00),
(203, 2, '2024-04-22 16:00:00', 0.00),
(204, 2, '2024-04-22 17:00:00', 0.00),
(205, 2, '2024-04-22 18:00:00', 0.00),
(206, 2, '2024-04-22 19:00:00', 0.00),
(207, 2, '2024-04-22 20:00:00', 0.00),
(208, 2, '2024-04-22 21:00:00', 0.00),
(209, 2, '2024-04-22 22:00:00', 0.00),
(210, 2, '2024-04-22 23:00:00', 0.00),
(211, 2, '2024-04-23 00:00:00', 0.00),
(212, 2, '2024-04-23 01:00:00', 0.00),
(213, 2, '2024-04-23 02:00:00', 5.17),
(214, 2, '2024-04-23 03:00:00', 0.00),
(215, 2, '2024-04-23 04:00:00', 1.85),
(216, 2, '2024-04-23 05:00:00', 4.96),
(217, 2, '2024-04-23 06:00:00', 0.00),
(218, 2, '2024-04-23 07:00:00', 2.51),
(219, 2, '2024-04-23 08:00:00', 0.00),
(220, 2, '2024-04-23 09:00:00', 0.00),
(221, 2, '2024-04-23 10:00:00', 1.86),
(222, 2, '2024-04-23 11:00:00', 3.96),
(223, 2, '2024-04-23 12:00:00', 2.54),
(224, 2, '2024-04-23 13:00:00', 0.00),
(225, 2, '2024-04-23 14:00:00', 0.00),
(226, 2, '2024-04-23 15:00:00', 0.00),
(227, 2, '2024-04-23 16:00:00', 0.00),
(228, 2, '2024-04-23 17:00:00', 0.00),
(229, 2, '2024-04-23 18:00:00', 0.00),
(230, 2, '2024-04-23 19:00:00', 0.00),
(231, 2, '2024-04-23 20:00:00', 0.00),
(232, 2, '2024-04-23 21:00:00', 0.00),
(233, 2, '2024-04-23 22:00:00', 0.00),
(234, 2, '2024-04-23 23:00:00', 0.00),
(235, 2, '2024-04-24 00:00:00', 2.86),
(236, 2, '2024-04-24 01:00:00', 4.93),
(237, 2, '2024-04-24 02:00:00', 0.00),
(238, 2, '2024-04-24 03:00:00', 2.17),
(239, 2, '2024-04-24 04:00:00', 0.00),
(240, 2, '2024-04-24 05:00:00', 5.15),
(241, 2, '2024-04-24 06:00:00', 0.00),
(242, 2, '2024-04-24 07:00:00', 1.41),
(243, 2, '2024-04-24 08:00:00', 0.00),
(244, 2, '2024-04-24 09:00:00', 0.00),
(245, 2, '2024-04-24 10:00:00', 2.92),
(246, 2, '2024-04-24 11:00:00', 3.75),
(247, 2, '2024-04-24 12:00:00', 1.23),
(248, 2, '2024-04-24 13:00:00', 0.00),
(249, 2, '2024-04-24 14:00:00', 0.00),
(250, 2, '2024-04-24 15:00:00', 0.00),
(251, 2, '2024-04-24 16:00:00', 0.00),
(252, 2, '2024-04-24 17:00:00', 0.00),
(253, 2, '2024-04-24 18:00:00', 0.00),
(254, 2, '2024-04-24 19:00:00', 0.00),
(255, 2, '2024-04-24 20:00:00', 0.00),
(256, 2, '2024-04-24 21:00:00', 0.00),
(257, 2, '2024-04-24 22:00:00', 0.00),
(258, 2, '2024-04-24 23:00:00', 0.00),
(259, 2, '2024-04-25 00:00:00', 2.64),
(260, 2, '2024-04-25 01:00:00', 3.87),
(261, 2, '2024-04-25 02:00:00', 0.00),
(262, 2, '2024-04-25 03:00:00', 0.00),
(263, 2, '2024-04-25 04:00:00', 2.13),
(264, 2, '2024-04-25 05:00:00', 5.67),
(265, 2, '2024-04-25 06:00:00', 1.49),
(266, 2, '2024-04-25 07:00:00', 0.00),
(267, 2, '2024-04-25 08:00:00', 1.14),
(268, 2, '2024-04-25 09:00:00', 0.00),
(269, 2, '2024-04-25 10:00:00', 0.00),
(270, 2, '2024-04-25 11:00:00', 4.76),
(271, 2, '2024-04-25 12:00:00', 2.95),
(272, 2, '2024-04-25 13:00:00', 1.83),
(273, 2, '2024-04-25 14:00:00', 0.00),
(274, 2, '2024-04-25 15:00:00', 0.00),
(275, 2, '2024-04-25 16:00:00', 0.00),
(276, 2, '2024-04-25 17:00:00', 0.00),
(277, 2, '2024-04-25 18:00:00', 0.00),
(278, 2, '2024-04-25 19:00:00', 0.00),
(279, 2, '2024-04-25 20:00:00', 0.00),
(280, 2, '2024-04-25 21:00:00', 0.00),
(281, 2, '2024-04-25 22:00:00', 0.00),
(282, 2, '2024-04-25 23:00:00', 0.00),
(283, 2, '2024-04-26 00:00:00', 0.00),
(284, 2, '2024-04-26 01:00:00', 5.91),
(285, 2, '2024-04-26 02:00:00', 1.52),
(286, 2, '2024-04-26 03:00:00', 0.00),
(287, 2, '2024-04-26 04:00:00', 2.63),
(288, 2, '2024-04-26 05:00:00', 5.21),
(289, 2, '2024-04-26 06:00:00', 0.00),
(290, 2, '2024-04-26 07:00:00', 0.00),
(291, 2, '2024-04-26 08:00:00', 0.00),
(292, 2, '2024-04-26 09:00:00', 1.84),
(293, 2, '2024-04-26 10:00:00', 0.00),
(294, 2, '2024-04-26 11:00:00', 3.62),
(295, 2, '2024-04-26 12:00:00', 4.74),
(296, 2, '2024-04-26 13:00:00', 0.00),
(297, 2, '2024-04-26 14:00:00', 0.00),
(298, 2, '2024-04-26 15:00:00', 0.00),
(299, 2, '2024-04-26 16:00:00', 0.00),
(300, 2, '2024-04-26 17:00:00', 0.00),
(301, 2, '2024-04-26 18:00:00', 0.00),
(302, 2, '2024-04-26 19:00:00', 0.00),
(303, 2, '2024-04-26 20:00:00', 0.00),
(304, 2, '2024-04-26 21:00:00', 0.00),
(305, 2, '2024-04-26 22:00:00', 0.00),
(306, 2, '2024-04-26 23:00:00', 0.00),
(307, 2, '2024-04-27 00:00:00', 0.00),
(308, 2, '2024-04-27 01:00:00', 3.95),
(309, 2, '2024-04-27 02:00:00', 3.57),
(310, 2, '2024-04-27 03:00:00', 0.00),
(311, 2, '2024-04-27 04:00:00', 0.00),
(312, 2, '2024-04-27 05:00:00', 5.16),
(313, 2, '2024-04-27 06:00:00', 0.00),
(314, 2, '2024-04-27 07:00:00', 0.00),
(315, 2, '2024-04-27 08:00:00', 0.00),
(316, 2, '2024-04-27 09:00:00', 1.62),
(317, 2, '2024-04-27 10:00:00', 1.47),
(318, 2, '2024-04-27 11:00:00', 0.00),
(319, 2, '2024-04-27 12:00:00', 4.94),
(320, 2, '2024-04-27 13:00:00', 0.00),
(321, 2, '2024-04-27 14:00:00', 0.00),
(322, 2, '2024-04-27 15:00:00', 0.00),
(323, 2, '2024-04-27 16:00:00', 0.00),
(324, 2, '2024-04-27 17:00:00', 0.00),
(325, 2, '2024-04-27 18:00:00', 0.00),
(326, 2, '2024-04-27 19:00:00', 0.00),
(327, 2, '2024-04-27 20:00:00', 0.00),
(328, 2, '2024-04-27 21:00:00', 0.00),
(329, 2, '2024-04-27 22:00:00', 0.00),
(330, 2, '2024-04-27 23:00:00', 0.00),
(331, 2, '2024-04-28 00:00:00', 0.00),
(332, 2, '2024-04-28 01:00:00', 5.14),
(333, 2, '2024-04-28 02:00:00', 0.00),
(334, 2, '2024-04-28 03:00:00', 1.86),
(335, 2, '2024-04-28 04:00:00', 0.00),
(336, 2, '2024-04-28 05:00:00', 2.35),
(337, 2, '2024-04-28 06:00:00', 3.12),
(338, 2, '2024-04-28 07:00:00', 0.00),
(339, 2, '2024-04-28 08:00:00', 1.48),
(340, 2, '2024-04-28 09:00:00', 0.00),
(342, 2, '2024-04-28 10:00:00', 1.53),
(343, 2, '2024-04-28 11:00:00', 0.00),
(344, 2, '2024-04-28 12:00:00', 4.85),
(345, 2, '2024-04-28 13:00:00', 0.00),
(346, 2, '2024-04-28 14:00:00', 0.00),
(347, 2, '2024-04-28 15:00:00', 0.00),
(348, 2, '2024-04-28 16:00:00', 0.00),
(349, 2, '2024-04-28 17:00:00', 0.00),
(350, 2, '2024-04-28 18:00:00', 0.00),
(351, 2, '2024-04-28 19:00:00', 0.00),
(352, 2, '2024-04-28 20:00:00', 0.00),
(353, 2, '2024-04-28 21:00:00', 0.00),
(354, 2, '2024-04-28 22:00:00', 0.00),
(355, 2, '2024-04-28 23:00:00', 0.00),
(356, 2, '2024-04-29 00:00:00', 0.00),
(357, 2, '2024-04-29 01:00:00', 4.30),
(358, 2, '2024-04-29 02:00:00', 1.89),
(359, 2, '2024-04-29 03:00:00', 0.00),
(360, 2, '2024-04-29 04:00:00', 0.00),
(361, 2, '2024-04-29 05:00:00', 4.52),
(362, 2, '2024-04-29 06:00:00', 2.03),
(363, 2, '2024-04-29 07:00:00', 0.00),
(364, 2, '2024-04-29 08:00:00', 0.00),
(365, 2, '2024-04-29 09:00:00', 1.27),
(366, 2, '2024-04-29 10:00:00', 0.00),
(367, 2, '2024-04-29 11:00:00', 0.00),
(368, 2, '2024-04-29 12:00:00', 5.62),
(369, 2, '2024-04-29 13:00:00', 0.00),
(370, 2, '2024-04-29 14:00:00', 0.00),
(371, 2, '2024-04-29 15:00:00', 0.00),
(372, 2, '2024-04-29 16:00:00', 0.00),
(373, 2, '2024-04-29 17:00:00', 0.00),
(374, 2, '2024-04-29 18:00:00', 0.00),
(375, 2, '2024-04-29 19:00:00', 0.00),
(376, 2, '2024-04-29 20:00:00', 0.00),
(377, 2, '2024-04-29 21:00:00', 0.00),
(378, 2, '2024-04-29 22:00:00', 0.00),
(379, 2, '2024-04-29 23:00:00', 0.00),
(380, 2, '2024-04-30 00:00:00', 0.00),
(381, 2, '2024-04-30 01:00:00', 5.64),
(382, 2, '2024-04-30 02:00:00', 0.00),
(383, 2, '2024-04-30 03:00:00', 1.63),
(384, 2, '2024-04-30 04:00:00', 0.00),
(385, 2, '2024-04-30 05:00:00', 4.60),
(386, 2, '2024-04-30 06:00:00', 2.01),
(387, 2, '2024-04-30 07:00:00', 0.00),
(388, 2, '2024-04-30 08:00:00', 0.00),
(389, 2, '2024-04-30 09:00:00', 0.00),
(390, 2, '2024-04-30 10:00:00', 0.00),
(391, 2, '2024-04-30 11:00:00', 5.42),
(392, 2, '2024-04-30 12:00:00', 2.16),
(393, 2, '2024-04-30 13:00:00', 0.00),
(394, 2, '2024-04-30 14:00:00', 0.00),
(395, 2, '2024-04-30 15:00:00', 0.00),
(396, 2, '2024-04-30 16:00:00', 0.00),
(397, 2, '2024-04-30 17:00:00', 0.00),
(398, 2, '2024-04-30 18:00:00', 0.00),
(399, 2, '2024-04-30 19:00:00', 0.00),
(400, 2, '2024-04-30 20:00:00', 0.00),
(401, 2, '2024-04-30 21:00:00', 0.00),
(402, 2, '2024-04-30 22:00:00', 0.00),
(403, 2, '2024-04-30 23:00:00', 0.00),
(404, 2, '2024-05-01 00:00:00', 0.00),
(405, 2, '2024-05-01 01:00:00', 5.07),
(406, 2, '2024-05-01 02:00:00', 0.00),
(407, 2, '2024-05-01 03:00:00', 0.00),
(408, 2, '2024-05-01 04:00:00', 2.75),
(409, 2, '2024-05-01 05:00:00', 3.54),
(410, 2, '2024-05-01 06:00:00', 1.84),
(411, 2, '2024-05-01 07:00:00', 0.00),
(412, 2, '2024-05-01 08:00:00', 1.58),
(413, 2, '2024-05-01 09:00:00', 0.00),
(414, 2, '2024-05-01 10:00:00', 0.00),
(415, 2, '2024-05-01 11:00:00', 4.70),
(416, 2, '2024-05-01 12:00:00', 1.93),
(417, 2, '2024-05-01 13:00:00', 0.00),
(418, 2, '2024-05-01 14:00:00', 0.00),
(419, 2, '2024-05-01 15:00:00', 0.00),
(420, 2, '2024-05-01 16:00:00', 0.00),
(421, 2, '2024-05-01 17:00:00', 0.00),
(422, 2, '2024-05-01 18:00:00', 0.00),
(423, 2, '2024-05-01 19:00:00', 0.00),
(424, 2, '2024-05-01 20:00:00', 0.00),
(425, 2, '2024-05-01 21:00:00', 0.00),
(426, 2, '2024-05-01 22:00:00', 0.00),
(427, 2, '2024-05-01 23:00:00', 0.00),
(428, 2, '2024-05-02 00:00:00', 0.00),
(429, 2, '2024-05-02 01:00:00', 3.84),
(430, 2, '2024-05-02 02:00:00', 2.31),
(431, 2, '2024-05-02 03:00:00', 0.00),
(432, 2, '2024-05-02 04:00:00', 1.82),
(433, 2, '2024-05-02 05:00:00', 6.07),
(434, 2, '2024-05-02 06:00:00', 0.00);

-- --------------------------------------------------------

--
-- Table structure for table `waste_record`
--

CREATE TABLE `waste_record` (
  `id` int NOT NULL,
  `timestamp` timestamp NOT NULL,
  `bin_id` int NOT NULL,
  `location` varchar(100) CHARACTER SET utf8mb3 COLLATE utf8mb3_general_ci NOT NULL,
  `lat` decimal(9,6) NOT NULL,
  `lon` decimal(9,6) NOT NULL,
  `temp` decimal(5,2) NOT NULL,
  `precip` decimal(5,2) NOT NULL,
  `humid` decimal(5,2) NOT NULL,
  `capacity` decimal(10,2) NOT NULL,
  `level` decimal(6,2) NOT NULL
) ENGINE=InnoDB DEFAULT CHARSET=utf8mb3;

--
-- Dumping data for table `waste_record`
--

INSERT INTO `waste_record` (`id`, `timestamp`, `bin_id`, `location`, `lat`, `lon`, `temp`, `precip`, `humid`, `capacity`, `level`) VALUES
(1, '2024-04-14 07:00:00', 1, 'Thanyaburi', 14.003589, 100.695032, 37.00, 0.00, 48.00, 35.00, 0.00),
(2, '2024-04-14 08:00:00', 1, 'Thanyaburi', 14.003589, 100.695032, 37.00, 0.03, 42.00, 35.00, 3.42),
(3, '2024-04-14 09:00:00', 1, 'Thanyaburi', 14.003589, 100.695032, 36.00, 0.00, 47.00, 35.00, 0.00),
(4, '2024-04-14 10:00:00', 1, 'Thanyaburi', 14.003589, 100.695032, 35.00, 0.00, 53.00, 35.00, 5.41),
(5, '2024-04-14 11:00:00', 1, 'Thanyaburi', 14.003589, 100.695032, 34.00, 0.00, 56.00, 35.00, 2.12),
(6, '2024-04-14 12:00:00', 1, 'Thanyaburi', 14.003589, 100.695032, 32.00, 0.00, 63.00, 35.00, 14.23),
(7, '2024-04-14 13:00:00', 1, 'Thanyaburi', 14.003589, 100.695032, 32.00, 0.00, 67.00, 35.00, 0.00),
(8, '2024-04-14 14:00:00', 1, 'Thanyaburi', 14.003589, 100.695032, 31.00, 0.00, 66.00, 35.00, 0.00),
(9, '2024-04-14 15:00:00', 1, 'Thanyaburi', 14.003589, 100.695032, 31.00, 0.00, 71.00, 35.00, 0.00),
(10, '2024-04-14 16:00:00', 1, 'Thanyaburi', 14.003589, 100.695032, 31.00, 0.00, 71.00, 35.00, 0.00),
(11, '2024-04-14 17:00:00', 1, 'Thanyaburi', 14.003589, 100.695032, 31.00, 0.00, 71.00, 35.00, 0.00),
(12, '2024-04-14 18:00:00', 1, 'Thanyaburi', 14.003589, 100.695032, 31.00, 0.00, 71.00, 35.00, 0.00),
(13, '2024-04-14 19:00:00', 1, 'Thanyaburi', 14.003589, 100.695032, 30.00, 0.00, 79.00, 35.00, 0.00),
(14, '2024-04-14 20:00:00', 1, 'Thanyaburi', 14.003589, 100.695032, 30.00, 0.00, 79.00, 35.00, 0.00),
(15, '2024-04-14 21:00:00', 1, 'Thanyaburi', 14.003589, 100.695032, 30.00, 0.00, 79.00, 35.00, 0.00),
(16, '2024-04-14 22:00:00', 1, 'Thanyaburi', 14.003589, 100.695032, 30.00, 0.00, 79.00, 35.00, 0.00),
(17, '2024-04-14 23:00:00', 1, 'Thanyaburi', 14.003589, 100.695032, 30.00, 0.00, 79.00, 35.00, 0.00),
(18, '2024-04-15 00:00:00', 1, 'Thanyaburi', 14.003589, 100.695032, 30.00, 0.00, 79.00, 35.00, 0.00),
(19, '2024-04-15 01:00:00', 1, 'Thanyaburi', 14.003589, 100.695032, 32.00, 0.00, 71.00, 35.00, 0.00),
(20, '2024-04-15 02:00:00', 1, 'Thanyaburi', 14.003589, 100.695032, 33.00, 0.00, 63.00, 35.00, 10.46),
(21, '2024-04-15 03:00:00', 1, 'Thanyaburi', 14.003589, 100.695032, 34.00, 0.00, 60.00, 35.00, 8.13),
(22, '2024-04-15 04:00:00', 1, 'Thanyaburi', 14.003589, 100.695032, 36.00, 0.00, 53.00, 35.00, 0.00),
(23, '2024-04-15 05:00:00', 1, 'Thanyaburi', 14.003589, 100.695032, 37.00, 0.00, 48.00, 35.00, 7.15),
(24, '2024-04-15 06:00:00', 1, 'Thanyaburi', 14.003589, 100.695032, 37.00, 0.00, 45.00, 35.00, 0.00),
(25, '2024-04-15 07:00:00', 1, 'Thanyaburi', 14.003589, 100.695032, 37.00, 0.00, 45.00, 35.00, 2.92),
(26, '2024-04-15 07:00:00', 1, 'Thanyaburi', 14.003589, 100.695032, 37.00, 0.00, 45.00, 35.00, 2.92),
(27, '2024-04-15 08:00:00', 1, 'Thanyaburi', 14.003589, 100.695032, 38.00, 0.00, 42.00, 35.00, 2.54),
(28, '2024-04-15 09:00:00', 1, 'Thanyaburi', 14.003589, 100.695032, 37.00, 0.00, 42.00, 35.00, 0.00),
(29, '2024-04-15 11:00:00', 1, 'Thanyaburi', 14.003589, 100.695032, 34.00, 0.00, 56.00, 35.00, 0.00),
(30, '2024-04-15 12:00:00', 1, 'Thanyaburi', 14.003589, 100.695032, 32.00, 0.00, 67.00, 35.00, 0.00),
(31, '2024-04-15 13:00:00', 1, 'Thanyaburi', 14.003589, 100.695032, 31.00, 0.00, 71.00, 35.00, 0.00),
(32, '2024-04-15 14:00:00', 1, 'Thanyaburi', 14.003589, 100.695032, 31.00, 0.00, 75.00, 35.00, 0.00),
(33, '2024-04-15 15:00:00', 1, 'Thanyaburi', 14.003589, 100.695032, 31.00, 0.00, 71.00, 35.00, 0.00),
(34, '2024-04-15 16:00:00', 1, 'Thanyaburi', 14.003589, 100.695032, 31.00, 0.00, 75.00, 35.00, 0.00),
(35, '2024-04-15 17:00:00', 1, 'Thanyaburi', 14.003589, 100.695032, 30.00, 0.00, 79.00, 35.00, 0.00),
(36, '2024-04-15 18:00:00', 1, 'Thanyaburi', 14.003589, 100.695032, 30.00, 0.00, 79.00, 35.00, 0.00),
(37, '2024-04-15 19:00:00', 1, 'Thanyaburi', 14.003589, 100.695032, 30.00, 0.00, 79.00, 35.00, 0.00),
(38, '2024-04-15 20:00:00', 1, 'Thanyaburi', 14.003589, 100.695032, 30.00, 0.00, 79.00, 35.00, 0.00),
(39, '2024-04-15 22:00:00', 1, 'Thanyaburi', 14.003589, 100.695032, 30.00, 0.00, 79.00, 35.00, 0.00),
(40, '2024-04-15 23:00:00', 1, 'Thanyaburi', 14.003589, 100.695032, 30.00, 0.00, 79.00, 35.00, 0.00),
(41, '2024-04-16 00:00:00', 1, 'Thanyaburi', 14.003589, 100.695032, 30.00, 0.00, 79.00, 35.00, 0.00),
(42, '2024-04-16 01:00:00', 1, 'Thanyaburi', 14.003589, 100.695032, 31.00, 0.00, 75.00, 35.00, 5.67),
(43, '2024-04-16 02:00:00', 1, 'Thanyaburi', 14.003589, 100.695032, 33.00, 0.00, 63.00, 35.00, 0.00),
(44, '2024-04-16 03:00:00', 1, 'Thanyaburi', 14.003589, 100.695032, 35.00, 0.00, 53.00, 35.00, 0.00),
(45, '2024-04-16 04:00:00', 1, 'Thanyaburi', 14.003589, 100.695032, 36.00, 0.00, 50.00, 35.00, 6.39),
(46, '2024-04-16 05:00:00', 1, 'Thanyaburi', 14.003589, 100.695032, 37.00, 0.00, 45.00, 35.00, 6.05),
(47, '2024-04-16 06:00:00', 1, 'Thanyaburi', 14.003589, 100.695032, 37.00, 0.00, 48.00, 35.00, 0.00),
(48, '2024-04-16 07:00:00', 1, 'Thanyaburi', 14.003589, 100.695032, 38.00, 0.00, 42.00, 35.00, 2.15),
(49, '2024-04-16 08:00:00', 1, 'Thanyaburi', 14.003589, 100.695032, 38.00, 0.00, 40.00, 35.00, 1.96),
(50, '2024-04-16 09:00:00', 1, 'Thanyaburi', 14.003589, 100.695032, 37.00, 0.00, 42.00, 35.00, 0.00),
(51, '2024-04-16 10:00:00', 1, 'Thanyaburi', 14.003589, 100.695032, 36.00, 0.00, 45.00, 35.00, 7.16),
(52, '2024-04-16 11:00:00', 1, 'Thanyaburi', 14.003589, 100.695032, 34.00, 0.00, 50.00, 35.00, 0.00),
(53, '2024-04-16 12:00:00', 1, 'Thanyaburi', 14.003589, 100.695032, 32.00, 0.00, 59.00, 35.00, 0.00),
(54, '2024-04-16 13:00:00', 1, 'Thanyaburi', 14.003589, 100.695032, 31.00, 0.00, 66.00, 35.00, 0.00),
(55, '2024-04-16 14:00:00', 1, 'Thanyaburi', 14.003589, 100.695032, 31.00, 0.00, 71.00, 35.00, 0.00),
(56, '2024-04-16 15:00:00', 1, 'Thanyaburi', 14.003589, 100.695032, 31.00, 0.00, 71.00, 35.00, 0.00),
(57, '2024-04-16 16:00:00', 1, 'Thanyaburi', 14.003589, 100.695032, 30.00, 0.00, 66.00, 35.00, 0.00),
(58, '2024-04-16 17:00:00', 1, 'Thanyaburi', 14.003589, 100.695032, 30.00, 0.00, 75.00, 35.00, 0.00),
(59, '2024-04-16 18:00:00', 1, 'Thanyaburi', 14.003589, 100.695032, 30.00, 0.00, 75.00, 35.00, 0.00),
(60, '2024-04-16 19:00:00', 1, 'Thanyaburi', 14.003589, 100.695032, 30.00, 0.00, 79.00, 35.00, 0.00),
(61, '2024-04-16 20:00:00', 1, 'Thanyaburi', 14.003589, 100.695032, 30.00, 0.00, 75.00, 35.00, 0.00),
(62, '2024-04-16 21:00:00', 1, 'Thanyaburi', 14.003589, 100.695032, 30.00, 0.00, 75.00, 35.00, 0.00),
(63, '2024-04-16 22:00:00', 1, 'Thanyaburi', 14.003589, 100.695032, 30.00, 0.00, 79.00, 35.00, 0.00),
(64, '2024-04-16 23:00:00', 1, 'Thanyaburi', 14.003589, 100.695032, 30.00, 0.00, 79.00, 35.00, 0.00),
(65, '2024-04-17 00:00:00', 1, 'Thanyaburi', 14.003589, 100.695032, 30.00, 0.00, 75.00, 35.00, 0.00),
(66, '2024-04-17 01:00:00', 1, 'Thanyaburi', 14.003589, 100.695032, 32.00, 0.00, 71.00, 35.00, 0.00),
(67, '2024-04-17 02:00:00', 1, 'Thanyaburi', 14.003589, 100.695032, 33.00, 0.00, 67.00, 35.00, 7.03),
(68, '2024-04-17 03:00:00', 1, 'Thanyaburi', 14.003589, 100.695032, 34.00, 0.00, 60.00, 35.00, 1.53),
(69, '2024-04-17 04:00:00', 1, 'Thanyaburi', 14.003589, 100.695032, 35.00, 0.00, 56.00, 35.00, 0.00),
(70, '2024-04-17 05:00:00', 1, 'Thanyaburi', 14.003589, 100.695032, 36.00, 0.00, 50.00, 35.00, 6.85),
(71, '2024-04-17 06:00:00', 1, 'Thanyaburi', 14.003589, 100.695032, 37.00, 0.00, 51.00, 35.00, 3.57),
(72, '2024-04-17 07:00:00', 1, 'Thanyaburi', 14.003589, 100.695032, 37.00, 0.00, 48.00, 35.00, 1.24),
(73, '2024-04-17 08:00:00', 1, 'Thanyaburi', 14.003589, 100.695032, 37.00, 0.00, 48.00, 35.00, 2.18),
(74, '2024-04-17 09:00:00', 1, 'Thanyaburi', 14.003589, 100.695032, 37.00, 0.00, 48.00, 35.00, 0.00),
(75, '2024-04-17 10:00:00', 1, 'Thanyaburi', 14.003589, 100.695032, 36.00, 0.00, 50.00, 35.00, 2.11),
(76, '2024-04-17 11:00:00', 1, 'Thanyaburi', 14.003589, 100.695032, 34.00, 0.00, 53.00, 35.00, 7.16),
(77, '2024-04-17 12:00:00', 1, 'Thanyaburi', 14.003589, 100.695032, 32.00, 0.00, 59.00, 35.00, 0.00),
(78, '2024-04-17 13:00:00', 1, 'Thanyaburi', 14.003589, 100.695032, 32.00, 0.00, 59.00, 35.00, 0.00),
(79, '2024-04-17 14:00:00', 1, 'Thanyaburi', 14.003589, 100.695032, 32.00, 0.00, 63.00, 35.00, 0.00),
(80, '2024-04-17 15:00:00', 1, 'Thanyaburi', 14.003589, 100.695032, 31.00, 0.00, 71.00, 35.00, 0.00),
(81, '2024-04-17 16:00:00', 1, 'Thanyaburi', 14.003589, 100.695032, 31.00, 0.00, 66.00, 35.00, 0.00),
(82, '2024-04-17 17:00:00', 1, 'Thanyaburi', 14.003589, 100.695032, 31.00, 0.00, 71.00, 35.00, 0.00),
(83, '2024-04-17 18:00:00', 1, 'Thanyaburi', 14.003589, 100.695032, 31.00, 0.00, 75.00, 35.00, 0.00),
(84, '2024-04-17 19:00:00', 1, 'Thanyaburi', 14.003589, 100.695032, 30.00, 0.00, 75.00, 35.00, 0.00),
(85, '2024-04-17 20:00:00', 1, 'Thanyaburi', 14.003589, 100.695032, 30.00, 0.00, 79.00, 35.00, 0.00),
(86, '2024-04-17 21:00:00', 1, 'Thanyaburi', 14.003589, 100.695032, 30.00, 0.00, 79.00, 35.00, 0.00),
(87, '2024-04-17 22:00:00', 1, 'Thanyaburi', 14.003589, 100.695032, 30.00, 0.00, 79.00, 35.00, 0.00),
(88, '2024-04-17 23:00:00', 1, 'Thanyaburi', 14.003589, 100.695032, 30.00, 0.00, 79.00, 35.00, 0.00),
(89, '2024-04-18 00:00:00', 1, 'Thanyaburi', 14.003589, 100.695032, 30.00, 0.00, 79.00, 35.00, 0.00),
(90, '2024-04-18 01:00:00', 1, 'Thanyaburi', 14.003589, 100.695032, 32.00, 0.00, 71.00, 35.00, 5.84),
(91, '2024-04-18 02:00:00', 1, 'Thanyaburi', 14.003589, 100.695032, 34.00, 0.00, 53.00, 35.00, 0.00),
(92, '2024-04-18 03:00:00', 1, 'Thanyaburi', 14.003589, 100.695032, 35.00, 0.00, 47.00, 35.00, 3.21),
(93, '2024-04-18 04:00:00', 1, 'Thanyaburi', 14.003589, 100.695032, 37.00, 0.00, 40.00, 35.00, 0.00),
(94, '2024-04-18 05:00:00', 1, 'Thanyaburi', 14.003589, 100.695032, 37.00, 0.00, 37.00, 35.00, 6.57),
(95, '2024-04-18 06:00:00', 1, 'Thanyaburi', 14.003589, 100.695032, 39.00, 0.00, 31.00, 35.00, 4.95),
(96, '2024-04-18 07:00:00', 1, 'Thanyaburi', 14.003589, 100.695032, 38.00, 0.00, 42.00, 35.00, 0.00),
(97, '2024-04-18 08:00:00', 1, 'Thanyaburi', 14.003589, 100.695032, 37.00, 0.00, 51.00, 35.00, 0.00),
(98, '2024-04-18 09:00:00', 1, 'Thanyaburi', 14.003589, 100.695032, 37.00, 0.00, 51.00, 35.00, 4.26),
(99, '2024-04-18 10:00:00', 1, 'Thanyaburi', 14.003589, 100.695032, 36.00, 0.00, 50.00, 35.00, 4.83),
(100, '2024-04-18 11:00:00', 1, 'Thanyaburi', 14.003589, 100.695032, 35.00, 0.00, 53.00, 35.00, 2.04),
(101, '2024-04-18 12:00:00', 1, 'Thanyaburi', 14.003589, 100.695032, 33.00, 0.00, 59.00, 35.00, 1.53),
(102, '2024-04-18 13:00:00', 1, 'Thanyaburi', 14.003589, 100.695032, 32.00, 0.00, 67.00, 35.00, 0.00),
(103, '2024-04-18 14:00:00', 1, 'Thanyaburi', 14.003589, 100.695032, 31.00, 0.00, 75.00, 35.00, 0.00),
(104, '2024-04-18 15:00:00', 1, 'Thanyaburi', 14.003589, 100.695032, 31.00, 0.00, 75.00, 35.00, 0.00),
(105, '2024-04-18 16:00:00', 1, 'Thanyaburi', 14.003589, 100.695032, 31.00, 0.00, 75.00, 35.00, 0.00),
(106, '2024-04-18 17:00:00', 1, 'Thanyaburi', 14.003589, 100.695032, 31.00, 0.00, 75.00, 35.00, 0.00),
(107, '2024-04-18 18:00:00', 1, 'Thanyaburi', 14.003589, 100.695032, 30.00, 0.00, 75.00, 35.00, 0.00),
(108, '2024-04-18 19:00:00', 1, 'Thanyaburi', 14.003589, 100.695032, 31.00, 0.47, 75.00, 35.00, 0.00),
(109, '2024-04-18 20:00:00', 1, 'Thanyaburi', 14.003589, 100.695032, 30.00, 0.00, 79.00, 35.00, 0.00),
(110, '2024-04-18 21:00:00', 1, 'Thanyaburi', 14.003589, 100.695032, 30.00, 0.00, 79.00, 35.00, 0.00),
(111, '2024-04-18 22:00:00', 1, 'Thanyaburi', 14.003589, 100.695032, 30.00, 0.00, 79.00, 35.00, 0.00),
(112, '2024-04-18 23:00:00', 1, 'Thanyaburi', 14.003589, 100.695032, 30.00, 0.00, 79.00, 35.00, 0.00),
(113, '2024-04-19 00:00:00', 1, 'Thanyaburi', 14.003589, 100.695032, 30.00, 0.00, 79.00, 35.00, 0.00),
(114, '2024-04-19 01:00:00', 1, 'Thanyaburi', 14.003589, 100.695032, 32.00, 0.00, 67.00, 35.00, 7.53),
(115, '2024-04-19 02:00:00', 1, 'Thanyaburi', 14.003589, 100.695032, 33.00, 0.00, 59.00, 35.00, 0.00),
(116, '2024-04-19 03:00:00', 1, 'Thanyaburi', 14.003589, 100.695032, 35.00, 0.00, 50.00, 35.00, 3.79),
(117, '2024-04-19 04:00:00', 1, 'Thanyaburi', 14.003589, 100.695032, 36.00, 0.00, 42.00, 35.00, 0.00),
(118, '2024-04-19 05:00:00', 1, 'Thanyaburi', 14.003589, 100.695032, 37.00, 0.00, 37.00, 35.00, 1.67),
(119, '2024-04-19 06:00:00', 1, 'Thanyaburi', 14.003589, 100.695032, 39.00, 0.00, 26.00, 35.00, 7.78),
(120, '2024-04-19 07:00:00', 1, 'Thanyaburi', 14.003589, 100.695032, 38.00, 0.00, 42.00, 35.00, 0.00),
(121, '2024-04-19 08:00:00', 1, 'Thanyaburi', 14.003589, 100.695032, 38.00, 0.00, 42.00, 35.00, 2.94),
(122, '2024-04-19 09:00:00', 1, 'Thanyaburi', 14.003589, 100.695032, 38.00, 0.00, 45.00, 35.00, 0.00),
(123, '2024-04-19 10:00:00', 1, 'Thanyaburi', 14.003589, 100.695032, 36.00, 0.00, 50.00, 35.00, 0.00),
(124, '2024-04-19 11:00:00', 1, 'Thanyaburi', 14.003589, 100.695032, 34.00, 0.00, 56.00, 35.00, 6.80),
(125, '2024-04-19 12:00:00', 1, 'Thanyaburi', 14.003589, 100.695032, 33.00, 0.00, 63.00, 35.00, 3.54),
(126, '2024-04-19 13:00:00', 1, 'Thanyaburi', 14.003589, 100.695032, 32.00, 0.00, 67.00, 35.00, 0.00),
(127, '2024-04-19 14:00:00', 1, 'Thanyaburi', 14.003589, 100.695032, 32.00, 0.00, 63.00, 35.00, 0.00),
(128, '2024-04-19 15:00:00', 1, 'Thanyaburi', 14.003589, 100.695032, 31.00, 0.00, 71.00, 35.00, 0.00),
(129, '2024-04-19 16:00:00', 1, 'Thanyaburi', 14.003589, 100.695032, 31.00, 0.00, 75.00, 35.00, 0.00),
(130, '2024-04-19 17:00:00', 1, 'Thanyaburi', 14.003589, 100.695032, 31.00, 0.00, 75.00, 35.00, 0.00),
(131, '2024-04-19 18:00:00', 1, 'Thanyaburi', 14.003589, 100.695032, 31.00, 0.00, 75.00, 35.00, 0.00),
(132, '2024-04-19 19:00:00', 1, 'Thanyaburi', 14.003589, 100.695032, 30.00, 0.00, 79.00, 35.00, 0.00),
(133, '2024-04-19 20:00:00', 1, 'Thanyaburi', 14.003589, 100.695032, 30.00, 0.00, 84.00, 35.00, 0.00),
(134, '2024-04-19 21:00:00', 1, 'Thanyaburi', 14.003589, 100.695032, 30.00, 0.19, 84.00, 35.00, 0.00),
(135, '2024-04-19 22:00:00', 1, 'Thanyaburi', 14.003589, 100.695032, 30.00, 0.00, 84.00, 35.00, 0.00),
(136, '2024-04-19 23:00:00', 1, 'Thanyaburi', 14.003589, 100.695032, 30.00, 0.21, 84.00, 35.00, 0.00),
(137, '2024-04-20 00:00:00', 1, 'Thanyaburi', 14.003589, 100.695032, 30.00, 0.04, 84.00, 35.00, 0.00),
(138, '2024-04-20 01:00:00', 1, 'Thanyaburi', 14.003589, 100.695032, 32.00, 0.00, 67.00, 35.00, 0.00),
(139, '2024-04-20 02:00:00', 1, 'Thanyaburi', 14.003589, 100.695032, 34.00, 0.00, 50.00, 35.00, 8.23),
(140, '2024-04-20 03:00:00', 1, 'Thanyaburi', 14.003589, 100.695032, 35.00, 0.00, 44.00, 35.00, 0.00),
(141, '2024-04-20 04:00:00', 1, 'Thanyaburi', 14.003589, 100.695032, 36.00, 0.00, 37.00, 35.00, 5.40),
(142, '2024-04-20 05:00:00', 1, 'Thanyaburi', 14.003589, 100.695032, 37.00, 0.00, 33.00, 35.00, 3.69),
(143, '2024-04-20 06:00:00', 1, 'Thanyaburi', 14.003589, 100.695032, 39.00, 0.00, 30.00, 35.00, 4.18),
(144, '2024-04-20 07:00:00', 1, 'Thanyaburi', 14.003589, 100.695032, 39.00, 0.00, 26.00, 35.00, 0.00),
(145, '2024-04-20 08:00:00', 1, 'Thanyaburi', 14.003589, 100.695032, 39.00, 0.00, 28.00, 35.00, 0.00),
(146, '2024-04-20 09:00:00', 1, 'Thanyaburi', 14.003589, 100.695032, 39.00, 0.00, 24.00, 35.00, 0.00),
(147, '2024-04-20 10:00:00', 1, 'Thanyaburi', 14.003589, 100.695032, 39.00, 0.00, 24.00, 35.00, 2.36),
(148, '2024-04-20 11:00:00', 1, 'Thanyaburi', 14.003589, 100.695032, 36.00, 0.00, 45.00, 35.00, 3.47),
(149, '2024-04-20 12:00:00', 1, 'Thanyaburi', 14.003589, 100.695032, 34.00, 0.00, 53.00, 35.00, 4.87),
(150, '2024-04-20 13:00:00', 1, 'Thanyaburi', 14.003589, 100.695032, 33.00, 0.00, 53.00, 35.00, 0.00),
(151, '2024-04-20 14:00:00', 1, 'Thanyaburi', 14.003589, 100.695032, 32.00, 0.00, 63.00, 35.00, 0.00),
(152, '2024-04-20 15:00:00', 1, 'Thanyaburi', 14.003589, 100.695032, 31.00, 0.00, 79.00, 35.00, 0.00),
(153, '2024-04-20 16:00:00', 1, 'Thanyaburi', 14.003589, 100.695032, 31.00, 0.00, 75.00, 35.00, 0.00),
(154, '2024-04-20 17:00:00', 1, 'Thanyaburi', 14.003589, 100.695032, 31.00, 0.00, 75.00, 35.00, 0.00),
(155, '2024-04-20 18:00:00', 1, 'Thanyaburi', 14.003589, 100.695032, 31.00, 0.00, 75.00, 35.00, 0.00),
(156, '2024-04-20 19:00:00', 1, 'Thanyaburi', 14.003589, 100.695032, 31.00, 0.00, 75.00, 35.00, 0.00),
(157, '2024-04-20 20:00:00', 1, 'Thanyaburi', 14.003589, 100.695032, 30.00, 0.00, 79.00, 35.00, 0.00),
(158, '2024-04-20 21:00:00', 1, 'Thanyaburi', 14.003589, 100.695032, 30.00, 0.00, 79.00, 35.00, 0.00),
(159, '2024-04-20 22:00:00', 1, 'Thanyaburi', 14.003589, 100.695032, 30.00, 0.00, 79.00, 35.00, 0.00),
(160, '2024-04-20 23:00:00', 1, 'Thanyaburi', 14.003589, 100.695032, 30.00, 0.00, 84.00, 35.00, 0.00),
(161, '2024-04-21 00:00:00', 1, 'Thanyaburi', 14.003589, 100.695032, 30.00, 0.00, 84.00, 35.00, 0.00),
(162, '2024-04-21 01:00:00', 1, 'Thanyaburi', 14.003589, 100.695032, 32.00, 0.00, 63.00, 35.00, 4.67),
(163, '2024-04-21 02:00:00', 1, 'Thanyaburi', 14.003589, 100.695032, 34.00, 0.00, 47.00, 35.00, 0.00),
(164, '2024-04-21 03:00:00', 1, 'Thanyaburi', 14.003589, 100.695032, 34.00, 0.00, 41.00, 35.00, 0.00),
(165, '2024-04-21 04:00:00', 2, 'Lam Luk Ka', 13.885775, 100.649384, 35.00, 0.00, 42.00, 42.50, 5.38),
(166, '2024-04-21 04:00:00', 2, 'Lam Luk Ka', 13.885775, 100.649384, 35.00, 0.00, 42.00, 42.50, 5.38),
(167, '2024-04-21 05:00:00', 2, 'Lam Luk Ka', 13.885775, 100.649384, 36.00, 0.00, 42.00, 42.50, 4.51),
(168, '2024-04-21 06:00:00', 2, 'Lam Luk Ka', 13.885775, 100.649384, 37.00, 0.00, 37.00, 42.50, 1.94),
(169, '2024-04-21 08:00:00', 2, 'Lam Luk Ka', 13.885775, 100.649384, 39.00, 0.00, 31.00, 42.50, 0.00),
(170, '2024-04-21 09:00:00', 2, 'Lam Luk Ka', 13.885775, 100.649384, 40.00, 0.00, 26.00, 42.50, 2.16),
(171, '2024-04-21 10:00:00', 2, 'Lam Luk Ka', 13.885775, 100.649384, 39.00, 0.00, 26.00, 42.50, 0.00),
(172, '2024-04-21 11:00:00', 2, 'Lam Luk Ka', 13.885775, 100.649384, 39.00, 0.00, 28.00, 42.50, 2.15),
(173, '2024-04-21 12:00:00', 2, 'Lam Luk Ka', 13.885775, 100.649384, 37.00, 0.00, 40.00, 42.50, 4.74),
(174, '2024-04-21 13:00:00', 2, 'Lam Luk Ka', 13.885775, 100.649384, 35.00, 0.00, 44.00, 42.50, 0.00),
(175, '2024-04-21 14:00:00', 2, 'Lam Luk Ka', 13.885775, 100.649384, 34.00, 0.00, 50.00, 42.50, 0.00),
(176, '2024-04-21 15:00:00', 2, 'Lam Luk Ka', 13.885775, 100.649384, 33.00, 0.00, 56.00, 42.50, 0.00),
(177, '2024-04-21 16:00:00', 2, 'Lam Luk Ka', 13.885775, 100.649384, 32.00, 0.00, 67.00, 42.50, 0.00),
(178, '2024-04-21 17:00:00', 2, 'Lam Luk Ka', 13.885775, 100.649384, 32.00, 0.00, 67.00, 42.50, 0.00),
(179, '2024-04-21 18:00:00', 2, 'Lam Luk Ka', 13.885775, 100.649384, 31.00, 0.00, 75.00, 42.50, 0.00),
(180, '2024-04-21 19:00:00', 2, 'Lam Luk Ka', 13.885775, 100.649384, 31.00, 0.00, 75.00, 42.50, 0.00),
(181, '2024-04-21 20:00:00', 2, 'Lam Luk Ka', 13.885775, 100.649384, 31.00, 0.00, 75.00, 42.50, 0.00),
(182, '2024-04-21 21:00:00', 2, 'Lam Luk Ka', 13.885775, 100.649384, 30.00, 0.00, 75.00, 42.50, 0.00),
(183, '2024-04-21 22:00:00', 2, 'Lam Luk Ka', 13.885775, 100.649384, 30.00, 0.00, 75.00, 42.50, 0.00),
(184, '2024-04-21 23:00:00', 2, 'Lam Luk Ka', 13.885775, 100.649384, 30.00, 0.00, 79.00, 42.50, 0.00),
(185, '2024-04-22 00:00:00', 2, 'Lam Luk Ka', 13.885775, 100.649384, 30.00, 0.00, 84.00, 42.50, 0.00),
(186, '2024-04-22 01:00:00', 2, 'Lam Luk Ka', 13.885775, 100.649384, 32.20, 0.00, 59.00, 42.50, 3.74),
(187, '2024-04-22 02:00:00', 2, 'Lam Luk Ka', 13.885775, 100.649384, 33.00, 0.00, 71.00, 42.50, 4.13),
(188, '2024-04-22 03:00:00', 2, 'Lam Luk Ka', 13.885775, 100.649384, 34.00, 0.00, 60.00, 42.50, 0.00),
(189, '2024-04-22 04:00:00', 2, 'Lam Luk Ka', 13.885775, 100.649384, 35.00, 0.00, 56.00, 42.50, 1.54),
(190, '2024-04-22 05:00:00', 2, 'Lam Luk Ka', 13.885775, 100.649384, 37.00, 0.00, 51.00, 42.50, 4.58),
(191, '2024-04-22 06:00:00', 2, 'Lam Luk Ka', 13.885775, 100.649384, 38.00, 0.00, 45.00, 42.50, 0.00),
(192, '2024-04-22 07:00:00', 2, 'Lam Luk Ka', 13.885775, 100.649384, 37.00, 0.00, 48.00, 42.50, 0.00),
(193, '2024-04-22 08:00:00', 2, 'Lam Luk Ka', 13.885775, 100.649384, 37.00, 0.00, 48.00, 42.50, 2.73),
(194, '2024-04-22 09:00:00', 2, 'Lam Luk Ka', 13.885775, 100.649384, 38.00, 0.00, 42.00, 42.50, 0.00),
(195, '2024-04-22 10:00:00', 2, 'Lam Luk Ka', 13.885775, 100.649384, 37.00, 0.00, 45.00, 42.50, 5.16),
(196, '2024-04-22 11:00:00', 2, 'Lam Luk Ka', 13.885775, 100.649384, 36.00, 0.00, 45.00, 42.50, 1.34),
(197, '2024-04-22 12:00:00', 2, 'Lam Luk Ka', 13.885775, 100.649384, 34.00, 0.00, 53.00, 42.50, 0.00),
(198, '2024-04-22 13:00:00', 2, 'Lam Luk Ka', 13.885775, 100.649384, 33.00, 0.00, 59.00, 42.50, 0.00),
(199, '2024-04-22 14:00:00', 2, 'Lam Luk Ka', 13.885775, 100.649384, 32.00, 0.00, 67.00, 42.50, 0.00),
(200, '2024-04-22 15:00:00', 2, 'Lam Luk Ka', 13.885775, 100.649384, 32.00, 0.00, 67.00, 42.50, 0.00),
(201, '2024-04-22 16:00:00', 2, 'Lam Luk Ka', 13.885775, 100.649384, 31.00, 0.00, 75.00, 42.50, 0.00),
(202, '2024-04-22 17:00:00', 2, 'Lam Luk Ka', 13.885775, 100.649384, 31.00, 0.00, 75.00, 42.50, 0.00),
(203, '2024-04-22 18:00:00', 2, 'Lam Luk Ka', 13.885775, 100.649384, 31.00, 0.00, 75.00, 42.50, 0.00),
(204, '2024-04-22 19:00:00', 2, 'Lam Luk Ka', 13.885775, 100.649384, 31.00, 0.00, 75.00, 42.50, 0.00),
(205, '2024-04-22 20:00:00', 2, 'Lam Luk Ka', 13.885775, 100.649384, 31.00, 0.00, 75.00, 42.50, 0.00),
(206, '2024-04-22 21:00:00', 2, 'Lam Luk Ka', 13.885775, 100.649384, 31.00, 0.00, 75.00, 42.50, 0.00),
(207, '2024-04-22 22:00:00', 2, 'Lam Luk Ka', 13.885775, 100.649384, 31.00, 0.00, 75.00, 42.50, 0.00),
(208, '2024-04-22 23:00:00', 2, 'Lam Luk Ka', 13.885775, 100.649384, 30.00, 0.00, 79.00, 42.50, 0.00),
(209, '2024-04-23 00:00:00', 2, 'Lam Luk Ka', 13.885775, 100.649384, 31.00, 0.00, 79.00, 42.50, 0.00),
(210, '2024-04-23 01:00:00', 2, 'Lam Luk Ka', 13.885775, 100.649384, 32.20, 0.00, 63.00, 42.50, 0.00),
(211, '2024-04-23 02:00:00', 2, 'Lam Luk Ka', 13.885775, 100.649384, 32.00, 0.00, 75.00, 42.50, 5.17),
(212, '2024-04-23 03:00:00', 2, 'Lam Luk Ka', 13.885775, 100.649384, 34.00, 0.00, 63.00, 42.50, 0.00),
(213, '2024-04-23 04:00:00', 2, 'Lam Luk Ka', 13.885775, 100.649384, 35.00, 0.00, 60.00, 42.50, 1.85),
(214, '2024-04-23 05:00:00', 2, 'Lam Luk Ka', 13.885775, 100.649384, 36.00, 0.00, 53.00, 42.50, 4.96),
(215, '2024-04-23 06:00:00', 2, 'Lam Luk Ka', 13.885775, 100.649384, 37.00, 0.00, 51.00, 42.50, 0.00),
(216, '2024-04-23 07:00:00', 2, 'Lam Luk Ka', 13.885775, 100.649384, 38.00, 0.00, 45.00, 42.50, 2.51),
(217, '2024-04-23 08:00:00', 2, 'Lam Luk Ka', 13.885775, 100.649384, 37.00, 0.00, 45.00, 42.50, 0.00),
(218, '2024-04-23 09:00:00', 2, 'Lam Luk Ka', 13.885775, 100.649384, 38.00, 0.00, 42.00, 42.50, 0.00),
(219, '2024-04-23 10:00:00', 2, 'Lam Luk Ka', 13.885775, 100.649384, 38.00, 0.00, 40.00, 42.50, 1.86),
(220, '2024-04-23 11:00:00', 2, 'Lam Luk Ka', 13.885775, 100.649384, 36.00, 0.00, 42.00, 42.50, 3.96),
(221, '2024-04-23 12:00:00', 2, 'Lam Luk Ka', 13.885775, 100.649384, 34.00, 0.00, 47.00, 42.50, 2.54),
(222, '2024-04-23 13:00:00', 2, 'Lam Luk Ka', 13.885775, 100.649384, 33.00, 0.00, 56.00, 42.50, 0.00),
(223, '2024-04-23 14:00:00', 2, 'Lam Luk Ka', 13.885775, 100.649384, 32.00, 0.00, 63.00, 42.50, 0.00),
(224, '2024-04-23 15:00:00', 2, 'Lam Luk Ka', 13.885775, 100.649384, 31.00, 0.00, 66.00, 42.50, 0.00),
(225, '2024-04-23 16:00:00', 2, 'Lam Luk Ka', 13.885775, 100.649384, 31.00, 0.00, 71.00, 42.50, 0.00),
(226, '2024-04-23 17:00:00', 2, 'Lam Luk Ka', 13.885775, 100.649384, 31.00, 0.00, 75.00, 42.50, 0.00),
(227, '2024-04-23 18:00:00', 2, 'Lam Luk Ka', 13.885775, 100.649384, 31.00, 0.00, 75.00, 42.50, 0.00),
(228, '2024-04-23 19:00:00', 2, 'Lam Luk Ka', 13.885775, 100.649384, 30.00, 0.00, 79.00, 42.50, 0.00),
(229, '2024-04-23 20:00:00', 2, 'Lam Luk Ka', 13.885775, 100.649384, 30.00, 0.00, 79.00, 42.50, 0.00),
(230, '2024-04-23 21:00:00', 2, 'Lam Luk Ka', 13.885775, 100.649384, 30.00, 0.00, 79.00, 42.50, 0.00),
(231, '2024-04-23 22:00:00', 2, 'Lam Luk Ka', 13.885775, 100.649384, 31.00, 0.00, 75.00, 42.50, 0.00),
(232, '2024-04-23 23:00:00', 2, 'Lam Luk Ka', 13.885775, 100.649384, 30.00, 0.00, 79.00, 42.50, 0.00),
(233, '2024-04-24 00:00:00', 2, 'Lam Luk Ka', 13.885775, 100.649384, 30.00, 0.00, 79.00, 42.50, 2.86),
(234, '2024-04-24 01:00:00', 2, 'Lam Luk Ka', 13.885775, 100.649384, 32.00, 0.00, 62.00, 42.50, 4.93),
(235, '2024-04-24 02:00:00', 2, 'Lam Luk Ka', 13.885775, 100.649384, 33.00, 0.00, 71.00, 42.50, 0.00),
(236, '2024-04-24 03:00:00', 2, 'Lam Luk Ka', 13.885775, 100.649384, 35.00, 0.00, 60.00, 42.50, 2.17),
(237, '2024-04-24 04:00:00', 2, 'Lam Luk Ka', 13.885775, 100.649384, 36.00, 0.00, 50.00, 42.50, 0.00),
(238, '2024-04-24 05:00:00', 2, 'Lam Luk Ka', 13.885775, 100.649384, 37.00, 0.00, 51.00, 42.50, 5.15),
(239, '2024-04-24 06:00:00', 2, 'Lam Luk Ka', 13.885775, 100.649384, 37.00, 0.00, 51.00, 42.50, 0.00),
(240, '2024-04-24 07:00:00', 2, 'Lam Luk Ka', 13.885775, 100.649384, 38.00, 0.00, 42.00, 42.50, 1.41),
(241, '2024-04-24 08:00:00', 2, 'Lam Luk Ka', 13.885775, 100.649384, 38.00, 0.00, 38.00, 42.50, 0.00),
(242, '2024-04-24 09:00:00', 2, 'Lam Luk Ka', 13.885775, 100.649384, 38.00, 0.00, 35.00, 42.50, 0.00),
(243, '2024-04-24 10:00:00', 2, 'Lam Luk Ka', 13.885775, 100.649384, 38.00, 0.00, 29.00, 42.50, 2.92),
(244, '2024-04-24 11:00:00', 2, 'Lam Luk Ka', 13.885775, 100.649384, 37.00, 0.00, 35.00, 42.50, 3.75),
(245, '2024-04-24 12:00:00', 2, 'Lam Luk Ka', 13.885775, 100.649384, 35.00, 0.00, 42.00, 42.50, 1.23),
(246, '2024-04-24 13:00:00', 2, 'Lam Luk Ka', 13.885775, 100.649384, 33.00, 0.00, 56.00, 42.50, 0.00),
(247, '2024-04-24 14:00:00', 2, 'Lam Luk Ka', 13.885775, 100.649384, 32.00, 0.00, 63.00, 42.50, 0.00),
(248, '2024-04-24 15:00:00', 2, 'Lam Luk Ka', 13.885775, 100.649384, 31.00, 0.00, 66.00, 42.50, 0.00),
(249, '2024-04-24 16:00:00', 2, 'Lam Luk Ka', 13.885775, 100.649384, 31.00, 0.00, 71.00, 42.50, 0.00),
(250, '2024-04-24 17:00:00', 2, 'Lam Luk Ka', 13.885775, 100.649384, 31.00, 0.00, 75.00, 42.50, 0.00),
(251, '2024-04-24 18:00:00', 2, 'Lam Luk Ka', 13.885775, 100.649384, 30.00, 0.00, 79.00, 42.50, 0.00),
(252, '2024-04-24 19:00:00', 2, 'Lam Luk Ka', 13.885775, 100.649384, 30.00, 0.00, 75.00, 42.50, 0.00),
(253, '2024-04-24 20:00:00', 2, 'Lam Luk Ka', 13.885775, 100.649384, 30.00, 0.00, 79.00, 42.50, 0.00),
(254, '2024-04-24 21:00:00', 2, 'Lam Luk Ka', 13.885775, 100.649384, 30.00, 0.00, 75.00, 42.50, 0.00),
(255, '2024-04-24 22:00:00', 2, 'Lam Luk Ka', 13.885775, 100.649384, 30.00, 0.00, 79.00, 42.50, 0.00),
(256, '2024-04-24 23:00:00', 2, 'Lam Luk Ka', 13.885775, 100.649384, 29.20, 0.00, 72.00, 42.50, 0.00),
(257, '2024-04-25 00:00:00', 2, 'Lam Luk Ka', 13.885775, 100.649384, 30.00, 0.00, 79.00, 42.50, 2.64),
(258, '2024-04-25 01:00:00', 2, 'Lam Luk Ka', 13.885775, 100.649384, 32.30, 0.00, 57.00, 42.50, 3.87),
(259, '2024-04-25 02:00:00', 2, 'Lam Luk Ka', 13.885775, 100.649384, 34.50, 0.00, 47.00, 42.50, 0.00),
(260, '2024-04-25 03:00:00', 2, 'Lam Luk Ka', 13.885775, 100.649384, 34.00, 0.00, 60.00, 42.50, 0.00),
(261, '2024-04-25 04:00:00', 2, 'Lam Luk Ka', 13.885775, 100.649384, 36.00, 0.00, 50.00, 42.50, 2.13),
(262, '2024-04-25 05:00:00', 2, 'Lam Luk Ka', 13.885775, 100.649384, 38.00, 0.00, 45.00, 42.50, 5.67),
(263, '2024-04-25 06:00:00', 2, 'Lam Luk Ka', 13.885775, 100.649384, 38.00, 0.00, 42.00, 42.50, 1.49),
(264, '2024-04-25 07:00:00', 2, 'Lam Luk Ka', 13.885775, 100.649384, 39.00, 0.00, 36.00, 42.50, 0.00),
(265, '2024-04-25 08:00:00', 2, 'Lam Luk Ka', 13.885775, 100.649384, 39.00, 0.00, 36.00, 42.50, 1.14),
(266, '2024-04-25 09:00:00', 2, 'Lam Luk Ka', 13.885775, 100.649384, 38.00, 0.00, 33.00, 42.50, 0.00),
(267, '2024-04-25 10:00:00', 2, 'Lam Luk Ka', 13.885775, 100.649384, 38.00, 0.00, 29.00, 42.50, 0.00),
(268, '2024-04-25 11:00:00', 2, 'Lam Luk Ka', 13.885775, 100.649384, 37.00, 0.00, 35.00, 42.50, 4.76),
(269, '2024-04-25 12:00:00', 2, 'Lam Luk Ka', 13.885775, 100.649384, 35.00, 0.00, 44.00, 42.50, 2.95),
(270, '2024-04-25 13:00:00', 2, 'Lam Luk Ka', 13.885775, 100.649384, 33.00, 0.00, 56.00, 42.50, 1.83),
(271, '2024-04-25 14:00:00', 2, 'Lam Luk Ka', 13.885775, 100.649384, 32.00, 0.00, 59.00, 42.50, 0.00),
(272, '2024-04-25 15:00:00', 2, 'Lam Luk Ka', 13.885775, 100.649384, 31.00, 0.00, 66.00, 42.50, 0.00),
(273, '2024-04-25 16:00:00', 2, 'Lam Luk Ka', 13.885775, 100.649384, 32.00, 0.00, 63.00, 42.50, 0.00),
(274, '2024-04-25 17:00:00', 2, 'Lam Luk Ka', 13.885775, 100.649384, 30.00, 0.00, 64.00, 42.50, 0.00),
(275, '2024-04-25 18:00:00', 2, 'Lam Luk Ka', 13.885775, 100.649384, 30.00, 0.00, 64.00, 42.50, 0.00),
(276, '2024-04-25 19:00:00', 2, 'Lam Luk Ka', 13.885775, 100.649384, 29.80, 0.00, 64.00, 42.50, 0.00),
(277, '2024-04-25 20:00:00', 2, 'Lam Luk Ka', 13.885775, 100.649384, 29.50, 0.00, 65.00, 42.50, 0.00),
(278, '2024-04-25 21:00:00', 2, 'Lam Luk Ka', 13.885775, 100.649384, 30.00, 0.00, 75.00, 42.50, 0.00),
(279, '2024-04-25 22:00:00', 2, 'Lam Luk Ka', 13.885775, 100.649384, 30.00, 0.00, 79.00, 42.50, 0.00),
(280, '2024-04-25 23:00:00', 2, 'Lam Luk Ka', 13.885775, 100.649384, 30.00, 0.00, 79.00, 42.50, 0.00),
(281, '2024-04-26 00:00:00', 2, 'Lam Luk Ka', 13.885775, 100.649384, 30.00, 0.00, 79.00, 42.50, 0.00),
(282, '2024-04-26 01:00:00', 2, 'Lam Luk Ka', 13.885775, 100.649384, 32.60, 0.00, 53.00, 42.50, 5.91),
(283, '2024-04-26 02:00:00', 2, 'Lam Luk Ka', 13.885775, 100.649384, 32.00, 0.00, 71.00, 42.50, 1.52),
(284, '2024-04-26 03:00:00', 2, 'Lam Luk Ka', 13.885775, 100.649384, 35.00, 0.00, 56.00, 42.50, 0.00),
(285, '2024-04-26 04:00:00', 2, 'Lam Luk Ka', 13.885775, 100.649384, 36.00, 0.00, 53.00, 42.50, 2.63),
(286, '2024-04-26 05:00:00', 2, 'Lam Luk Ka', 13.885775, 100.649384, 37.00, 0.00, 51.00, 42.50, 5.21),
(287, '2024-04-26 06:00:00', 2, 'Lam Luk Ka', 13.885775, 100.649384, 39.60, 0.00, 28.00, 42.50, 0.00),
(288, '2024-04-26 07:00:00', 2, 'Lam Luk Ka', 13.885775, 100.649384, 39.60, 0.00, 27.00, 42.50, 0.00),
(289, '2024-04-26 08:00:00', 2, 'Lam Luk Ka', 13.885775, 100.649384, 39.40, 0.00, 27.00, 42.50, 0.00),
(290, '2024-04-26 09:00:00', 2, 'Lam Luk Ka', 13.885775, 100.649384, 39.00, 0.00, 26.00, 42.50, 1.84),
(291, '2024-04-26 10:00:00', 2, 'Lam Luk Ka', 13.885775, 100.649384, 38.00, 0.00, 38.00, 42.50, 0.00),
(292, '2024-04-26 11:00:00', 2, 'Lam Luk Ka', 13.885775, 100.649384, 37.00, 0.00, 42.00, 42.50, 3.62),
(293, '2024-04-26 12:00:00', 2, 'Lam Luk Ka', 13.885775, 100.649384, 35.00, 0.00, 39.00, 42.50, 4.74),
(294, '2024-04-26 13:00:00', 2, 'Lam Luk Ka', 13.885775, 100.649384, 33.00, 0.00, 53.00, 42.50, 0.00),
(295, '2024-04-26 14:00:00', 2, 'Lam Luk Ka', 13.885775, 100.649384, 32.00, 0.00, 63.00, 42.50, 0.00),
(296, '2024-04-26 15:00:00', 2, 'Lam Luk Ka', 13.885775, 100.649384, 32.00, 0.00, 67.00, 42.50, 0.00),
(297, '2024-04-26 16:00:00', 2, 'Lam Luk Ka', 13.885775, 100.649384, 31.00, 0.00, 71.00, 42.50, 0.00),
(298, '2024-04-26 17:00:00', 2, 'Lam Luk Ka', 13.885775, 100.649384, 31.00, 0.00, 71.00, 42.50, 0.00),
(299, '2024-04-26 18:00:00', 2, 'Lam Luk Ka', 13.885775, 100.649384, 31.00, 0.00, 75.00, 42.50, 0.00),
(300, '2024-04-26 19:00:00', 2, 'Lam Luk Ka', 13.885775, 100.649384, 31.00, 0.00, 75.00, 42.50, 0.00),
(301, '2024-04-26 20:00:00', 2, 'Lam Luk Ka', 13.885775, 100.649384, 31.00, 0.00, 75.00, 42.50, 0.00),
(302, '2024-04-26 21:00:00', 2, 'Lam Luk Ka', 13.885775, 100.649384, 31.00, 0.00, 75.00, 42.50, 0.00),
(303, '2024-04-26 22:00:00', 2, 'Lam Luk Ka', 13.885775, 100.649384, 31.00, 0.00, 75.00, 42.50, 0.00),
(304, '2024-04-26 23:00:00', 2, 'Lam Luk Ka', 13.885775, 100.649384, 30.00, 0.00, 79.00, 42.50, 0.00),
(305, '2024-04-27 00:00:00', 2, 'Lam Luk Ka', 13.885775, 100.649384, 30.00, 0.00, 84.00, 42.50, 0.00),
(306, '2024-04-27 01:00:00', 2, 'Lam Luk Ka', 13.885775, 100.649384, 32.70, 0.00, 60.00, 42.50, 3.95),
(307, '2024-04-27 02:00:00', 2, 'Lam Luk Ka', 13.885775, 100.649384, 33.00, 0.00, 71.00, 42.50, 3.57),
(308, '2024-04-27 03:00:00', 2, 'Lam Luk Ka', 13.885775, 100.649384, 35.00, 0.00, 60.00, 42.50, 0.00),
(309, '2024-04-27 04:00:00', 2, 'Lam Luk Ka', 13.885775, 100.649384, 36.00, 0.00, 53.00, 42.50, 0.00),
(310, '2024-04-27 05:00:00', 2, 'Lam Luk Ka', 13.885775, 100.649384, 38.00, 0.00, 45.00, 42.50, 5.16),
(311, '2024-04-27 06:00:00', 2, 'Lam Luk Ka', 13.885775, 100.649384, 38.00, 0.00, 48.00, 42.50, 0.00),
(312, '2024-04-27 07:00:00', 2, 'Lam Luk Ka', 13.885775, 100.649384, 39.00, 0.00, 48.00, 42.50, 0.00),
(313, '2024-04-27 08:00:00', 2, 'Lam Luk Ka', 13.885775, 100.649384, 38.00, 0.00, 51.00, 42.50, 0.00),
(314, '2024-04-27 09:00:00', 2, 'Lam Luk Ka', 13.885775, 100.649384, 38.00, 0.00, 51.00, 42.50, 1.62),
(315, '2024-04-27 10:00:00', 2, 'Lam Luk Ka', 13.885775, 100.649384, 38.00, 0.00, 48.00, 42.50, 1.47),
(316, '2024-04-27 11:00:00', 2, 'Lam Luk Ka', 13.885775, 100.649384, 37.00, 0.00, 45.00, 42.50, 0.00),
(317, '2024-04-27 12:00:00', 2, 'Lam Luk Ka', 13.885775, 100.649384, 35.00, 0.00, 56.00, 42.50, 4.94),
(318, '2024-04-27 13:00:00', 2, 'Lam Luk Ka', 13.885775, 100.649384, 33.00, 0.00, 67.00, 42.50, 0.00),
(319, '2024-04-27 14:00:00', 2, 'Lam Luk Ka', 13.885775, 100.649384, 32.00, 0.00, 67.00, 42.50, 0.00),
(320, '2024-04-27 15:00:00', 2, 'Lam Luk Ka', 13.885775, 100.649384, 31.00, 0.00, 75.00, 42.50, 0.00),
(321, '2024-04-27 16:00:00', 2, 'Lam Luk Ka', 13.885775, 100.649384, 31.00, 0.00, 71.00, 42.50, 0.00),
(322, '2024-04-27 17:00:00', 2, 'Lam Luk Ka', 13.885775, 100.649384, 31.00, 0.00, 79.00, 42.50, 0.00),
(323, '2024-04-27 18:00:00', 2, 'Lam Luk Ka', 13.885775, 100.649384, 31.00, 0.00, 75.00, 42.50, 0.00),
(324, '2024-04-27 19:00:00', 2, 'Lam Luk Ka', 13.885775, 100.649384, 31.00, 0.00, 75.00, 42.50, 0.00),
(325, '2024-04-27 20:00:00', 2, 'Lam Luk Ka', 13.885775, 100.649384, 31.00, 0.00, 75.00, 42.50, 0.00),
(326, '2024-04-27 21:00:00', 2, 'Lam Luk Ka', 13.885775, 100.649384, 31.00, 0.00, 79.00, 42.50, 0.00),
(327, '2024-04-27 22:00:00', 2, 'Lam Luk Ka', 13.885775, 100.649384, 31.00, 0.00, 79.00, 42.50, 0.00),
(328, '2024-04-27 23:00:00', 2, 'Lam Luk Ka', 13.885775, 100.649384, 31.00, 0.00, 79.00, 42.50, 0.00),
(329, '2024-04-28 00:00:00', 2, 'Lam Luk Ka', 13.885775, 100.649384, 31.00, 0.00, 79.00, 42.50, 0.00),
(330, '2024-04-28 01:00:00', 2, 'Lam Luk Ka', 13.885775, 100.649384, 32.60, 0.00, 63.00, 42.50, 5.14),
(331, '2024-04-28 02:00:00', 2, 'Lam Luk Ka', 13.885775, 100.649384, 33.00, 0.00, 71.00, 42.50, 0.00),
(332, '2024-04-28 03:00:00', 2, 'Lam Luk Ka', 13.885775, 100.649384, 35.00, 0.00, 60.00, 42.50, 1.86),
(333, '2024-04-28 04:00:00', 2, 'Lam Luk Ka', 13.885775, 100.649384, 36.00, 0.00, 57.00, 42.50, 0.00),
(334, '2024-04-28 05:00:00', 2, 'Lam Luk Ka', 13.885775, 100.649384, 37.00, 0.00, 54.00, 42.50, 2.35),
(335, '2024-04-28 06:00:00', 2, 'Lam Luk Ka', 13.885775, 100.649384, 38.00, 0.00, 51.00, 42.50, 3.12),
(336, '2024-04-28 07:00:00', 2, 'Lam Luk Ka', 13.885775, 100.649384, 37.00, 0.00, 54.00, 42.50, 0.00),
(337, '2024-04-28 08:00:00', 2, 'Lam Luk Ka', 13.885775, 100.649384, 38.00, 0.00, 48.00, 42.50, 1.48),
(338, '2024-04-28 09:00:00', 2, 'Lam Luk Ka', 13.885775, 100.649384, 37.00, 0.00, 48.00, 42.50, 0.00),
(339, '2024-04-28 10:00:00', 2, 'Lam Luk Ka', 13.885775, 100.649384, 37.00, 0.00, 48.00, 42.50, 1.53),
(340, '2024-04-28 11:00:00', 2, 'Lam Luk Ka', 13.885775, 100.649384, 36.00, 0.00, 47.00, 42.50, 0.00),
(341, '2024-04-28 12:00:00', 2, 'Lam Luk Ka', 13.885775, 100.649384, 34.00, 0.00, 56.00, 42.50, 4.85),
(342, '2024-04-28 13:00:00', 2, 'Lam Luk Ka', 13.885775, 100.649384, 32.00, 0.00, 67.00, 42.50, 0.00),
(343, '2024-04-28 14:00:00', 2, 'Lam Luk Ka', 13.885775, 100.649384, 32.00, 0.00, 71.00, 42.50, 0.00),
(344, '2024-04-28 15:00:00', 2, 'Lam Luk Ka', 13.885775, 100.649384, 31.00, 0.00, 75.00, 42.50, 0.00),
(345, '2024-04-28 16:00:00', 2, 'Lam Luk Ka', 13.885775, 100.649384, 31.00, 0.00, 79.00, 42.50, 0.00),
(346, '2024-04-28 17:00:00', 2, 'Lam Luk Ka', 13.885775, 100.649384, 31.00, 0.00, 75.00, 42.50, 0.00),
(347, '2024-04-28 18:00:00', 2, 'Lam Luk Ka', 13.885775, 100.649384, 31.00, 0.00, 75.00, 42.50, 0.00),
(348, '2024-04-28 19:00:00', 2, 'Lam Luk Ka', 13.885775, 100.649384, 31.00, 0.00, 75.00, 42.50, 0.00),
(349, '2024-04-28 20:00:00', 2, 'Lam Luk Ka', 13.885775, 100.649384, 31.00, 0.00, 75.00, 42.50, 0.00),
(350, '2024-04-28 21:00:00', 2, 'Lam Luk Ka', 13.885775, 100.649384, 31.00, 0.00, 75.00, 42.50, 0.00),
(351, '2024-04-28 22:00:00', 2, 'Lam Luk Ka', 13.885775, 100.649384, 31.00, 0.00, 79.00, 42.50, 0.00),
(352, '2024-04-28 23:00:00', 2, 'Lam Luk Ka', 13.885775, 100.649384, 31.00, 0.00, 79.00, 42.50, 0.00),
(353, '2024-04-29 00:00:00', 2, 'Lam Luk Ka', 13.885775, 100.649384, 31.00, 0.00, 79.00, 42.50, 0.00),
(354, '2024-04-29 01:00:00', 2, 'Lam Luk Ka', 13.885775, 100.649384, 32.70, 0.00, 61.00, 42.50, 4.30),
(355, '2024-04-29 02:00:00', 2, 'Lam Luk Ka', 13.885775, 100.649384, 33.00, 0.00, 67.00, 42.50, 1.89),
(356, '2024-04-29 03:00:00', 2, 'Lam Luk Ka', 13.885775, 100.649384, 35.00, 0.00, 60.00, 42.50, 0.00),
(357, '2024-04-29 04:00:00', 2, 'Lam Luk Ka', 13.885775, 100.649384, 36.00, 0.00, 53.00, 42.50, 0.00),
(358, '2024-04-29 05:00:00', 2, 'Lam Luk Ka', 13.885775, 100.649384, 37.00, 0.00, 51.00, 42.50, 4.52),
(359, '2024-04-29 06:00:00', 2, 'Lam Luk Ka', 13.885775, 100.649384, 37.00, 0.00, 51.00, 42.50, 2.03),
(360, '2024-04-29 07:00:00', 2, 'Lam Luk Ka', 13.885775, 100.649384, 38.00, 0.00, 48.00, 42.50, 0.00),
(361, '2024-04-29 08:00:00', 2, 'Lam Luk Ka', 13.885775, 100.649384, 38.00, 0.00, 45.00, 42.50, 0.00),
(362, '2024-04-29 09:00:00', 2, 'Lam Luk Ka', 13.885775, 100.649384, 38.00, 0.00, 45.00, 42.50, 1.27),
(363, '2024-04-29 10:00:00', 2, 'Lam Luk Ka', 13.885775, 100.649384, 38.00, 0.00, 45.00, 42.50, 0.00),
(364, '2024-04-29 11:00:00', 2, 'Lam Luk Ka', 13.885775, 100.649384, 37.00, 0.00, 45.00, 42.50, 0.00),
(365, '2024-04-29 12:00:00', 2, 'Lam Luk Ka', 13.885775, 100.649384, 35.00, 0.00, 47.00, 42.50, 5.62),
(366, '2024-04-29 13:00:00', 2, 'Lam Luk Ka', 13.885775, 100.649384, 32.00, 0.00, 67.00, 42.50, 0.00),
(367, '2024-04-29 14:00:00', 2, 'Lam Luk Ka', 13.885775, 100.649384, 32.00, 0.00, 67.00, 42.50, 0.00),
(368, '2024-04-29 15:00:00', 2, 'Lam Luk Ka', 13.885775, 100.649384, 32.00, 0.00, 71.00, 42.50, 0.00),
(369, '2024-04-29 16:00:00', 2, 'Lam Luk Ka', 13.885775, 100.649384, 31.00, 0.00, 75.00, 42.50, 0.00),
(370, '2024-04-29 17:00:00', 2, 'Lam Luk Ka', 13.885775, 100.649384, 31.00, 0.00, 79.00, 42.50, 0.00),
(371, '2024-04-29 18:00:00', 2, 'Lam Luk Ka', 13.885775, 100.649384, 31.00, 0.00, 75.00, 42.50, 0.00),
(372, '2024-04-29 19:00:00', 2, 'Lam Luk Ka', 13.885775, 100.649384, 31.00, 0.00, 75.00, 42.50, 0.00),
(373, '2024-04-29 20:00:00', 2, 'Lam Luk Ka', 13.885775, 100.649384, 31.00, 0.00, 75.00, 42.50, 0.00),
(374, '2024-04-29 21:00:00', 2, 'Lam Luk Ka', 13.885775, 100.649384, 31.00, 0.00, 75.00, 42.50, 0.00),
(375, '2024-04-29 22:00:00', 2, 'Lam Luk Ka', 13.885775, 100.649384, 31.00, 0.00, 79.00, 42.50, 0.00),
(376, '2024-04-29 23:00:00', 2, 'Lam Luk Ka', 13.885775, 100.649384, 31.00, 0.00, 79.00, 42.50, 0.00),
(377, '2024-04-30 00:00:00', 2, 'Lam Luk Ka', 13.885775, 100.649384, 31.00, 0.00, 79.00, 42.50, 0.00),
(378, '2024-04-30 01:00:00', 2, 'Lam Luk Ka', 13.885775, 100.649384, 33.00, 0.00, 59.00, 42.50, 5.64),
(379, '2024-04-30 02:00:00', 2, 'Lam Luk Ka', 13.885775, 100.649384, 34.00, 0.00, 60.00, 42.50, 0.00),
(380, '2024-04-30 03:00:00', 2, 'Lam Luk Ka', 13.885775, 100.649384, 36.00, 0.00, 42.00, 42.50, 1.63),
(381, '2024-04-30 04:00:00', 2, 'Lam Luk Ka', 13.885775, 100.649384, 37.00, 0.00, 35.00, 42.50, 0.00),
(382, '2024-04-30 05:00:00', 2, 'Lam Luk Ka', 13.885775, 100.649384, 38.00, 0.00, 29.00, 42.50, 4.60),
(383, '2024-04-30 06:00:00', 2, 'Lam Luk Ka', 13.885775, 100.649384, 40.00, 0.00, 28.00, 42.50, 2.01),
(384, '2024-04-30 07:00:00', 2, 'Lam Luk Ka', 13.885775, 100.649384, 40.00, 0.00, 26.00, 42.50, 0.00),
(385, '2024-04-30 08:00:00', 2, 'Lam Luk Ka', 13.885775, 100.649384, 41.00, 0.00, 28.00, 42.50, 0.00),
(386, '2024-04-30 09:00:00', 2, 'Lam Luk Ka', 13.885775, 100.649384, 39.00, 0.00, 36.00, 42.50, 0.00),
(387, '2024-04-30 10:00:00', 2, 'Lam Luk Ka', 13.885775, 100.649384, 38.00, 0.00, 35.00, 42.50, 0.00),
(388, '2024-04-30 11:00:00', 2, 'Lam Luk Ka', 13.885775, 100.649384, 37.00, 0.00, 37.00, 42.50, 5.42),
(389, '2024-04-30 12:00:00', 2, 'Lam Luk Ka', 13.885775, 100.649384, 34.00, 0.00, 60.00, 42.50, 2.16),
(390, '2024-04-30 13:00:00', 2, 'Lam Luk Ka', 13.885775, 100.649384, 33.00, 0.00, 67.00, 42.50, 0.00),
(391, '2024-04-30 14:00:00', 2, 'Lam Luk Ka', 13.885775, 100.649384, 32.00, 0.00, 71.00, 42.50, 0.00),
(392, '2024-04-30 15:00:00', 2, 'Lam Luk Ka', 13.885775, 100.649384, 32.00, 0.00, 71.00, 42.50, 0.00),
(393, '2024-04-30 16:00:00', 2, 'Lam Luk Ka', 13.885775, 100.649384, 32.00, 0.00, 75.00, 42.50, 0.00),
(394, '2024-04-30 17:00:00', 2, 'Lam Luk Ka', 13.885775, 100.649384, 32.00, 0.00, 71.00, 42.50, 0.00),
(395, '2024-04-30 18:00:00', 2, 'Lam Luk Ka', 13.885775, 100.649384, 31.00, 0.00, 79.00, 42.50, 0.00),
(396, '2024-04-30 19:00:00', 2, 'Lam Luk Ka', 13.885775, 100.649384, 31.00, 0.00, 79.00, 42.50, 0.00),
(397, '2024-04-30 20:00:00', 2, 'Lam Luk Ka', 13.885775, 100.649384, 31.00, 0.00, 79.00, 42.50, 0.00),
(398, '2024-04-30 21:00:00', 2, 'Lam Luk Ka', 13.885775, 100.649384, 31.00, 0.00, 79.00, 42.50, 0.00),
(399, '2024-04-30 22:00:00', 2, 'Lam Luk Ka', 13.885775, 100.649384, 31.00, 0.00, 79.00, 42.50, 0.00),
(400, '2024-04-30 23:00:00', 2, 'Lam Luk Ka', 13.885775, 100.649384, 31.00, 0.00, 79.00, 42.50, 0.00),
(401, '2024-05-01 00:00:00', 2, 'Lam Luk Ka', 13.885775, 100.649384, 31.00, 0.00, 79.00, 42.50, 0.00),
(402, '2024-05-01 01:00:00', 2, 'Lam Luk Ka', 13.885775, 100.649384, 32.80, 0.00, 57.00, 42.50, 5.07),
(403, '2024-05-01 02:00:00', 2, 'Lam Luk Ka', 13.885775, 100.649384, 34.00, 0.00, 60.00, 42.50, 0.00),
(404, '2024-05-01 03:00:00', 2, 'Lam Luk Ka', 13.885775, 100.649384, 35.00, 0.00, 50.00, 42.50, 0.00),
(405, '2024-05-01 04:00:00', 2, 'Lam Luk Ka', 13.885775, 100.649384, 36.00, 0.00, 45.00, 42.50, 2.75),
(406, '2024-05-01 05:00:00', 2, 'Lam Luk Ka', 13.885775, 100.649384, 37.00, 0.00, 40.00, 42.50, 3.54),
(407, '2024-05-01 06:00:00', 2, 'Lam Luk Ka', 13.885775, 100.649384, 39.00, 0.00, 36.00, 42.50, 1.84),
(408, '2024-05-01 07:00:00', 2, 'Lam Luk Ka', 13.885775, 100.649384, 38.00, 0.00, 42.00, 42.50, 0.00),
(409, '2024-05-01 08:00:00', 2, 'Lam Luk Ka', 13.885775, 100.649384, 39.00, 0.00, 40.00, 42.50, 1.58),
(410, '2024-05-01 09:00:00', 2, 'Lam Luk Ka', 13.885775, 100.649384, 38.00, 0.00, 40.00, 42.50, 0.00),
(411, '2024-05-01 10:00:00', 2, 'Lam Luk Ka', 13.885775, 100.649384, 38.00, 0.00, 40.00, 42.50, 0.00),
(412, '2024-05-01 11:00:00', 2, 'Lam Luk Ka', 13.885775, 100.649384, 37.00, 0.00, 42.00, 42.50, 4.70),
(413, '2024-05-01 12:00:00', 2, 'Lam Luk Ka', 13.885775, 100.649384, 35.00, 0.00, 42.00, 42.50, 1.93),
(414, '2024-05-01 13:00:00', 2, 'Lam Luk Ka', 13.885775, 100.649384, 34.00, 0.00, 41.00, 42.50, 0.00),
(415, '2024-05-01 14:00:00', 2, 'Lam Luk Ka', 13.885775, 100.649384, 33.00, 0.00, 56.00, 42.50, 0.00),
(416, '2024-05-01 15:00:00', 2, 'Lam Luk Ka', 13.885775, 100.649384, 33.00, 0.00, 63.00, 42.50, 0.00),
(417, '2024-05-01 16:00:00', 2, 'Lam Luk Ka', 13.885775, 100.649384, 32.00, 0.00, 67.00, 42.50, 0.00),
(418, '2024-05-01 18:00:00', 2, 'Lam Luk Ka', 13.885775, 100.649384, 32.00, 0.00, 71.00, 42.50, 0.00),
(419, '2024-05-01 19:00:00', 2, 'Lam Luk Ka', 13.885775, 100.649384, 31.00, 0.00, 75.00, 42.50, 0.00),
(420, '2024-05-01 20:00:00', 2, 'Lam Luk Ka', 13.885775, 100.649384, 31.00, 0.00, 75.00, 42.50, 0.00),
(421, '2024-05-01 21:00:00', 2, 'Lam Luk Ka', 13.885775, 100.649384, 31.00, 0.00, 75.00, 42.50, 0.00),
(422, '2024-05-01 22:00:00', 2, 'Lam Luk Ka', 13.885775, 100.649384, 31.00, 0.00, 79.00, 42.50, 0.00),
(423, '2024-05-01 23:00:00', 2, 'Lam Luk Ka', 13.885775, 100.649384, 31.00, 0.00, 79.00, 42.50, 0.00),
(424, '2024-05-02 00:00:00', 2, 'Lam Luk Ka', 13.885775, 100.649384, 31.00, 0.00, 79.00, 42.50, 0.00),
(425, '2024-05-02 01:00:00', 2, 'Lam Luk Ka', 13.885775, 100.649384, 32.90, 0.00, 59.00, 42.50, 3.84),
(426, '2024-05-02 02:00:00', 2, 'Lam Luk Ka', 13.885775, 100.649384, 33.00, 0.00, 71.00, 42.50, 2.31),
(427, '2024-05-02 03:00:00', 2, 'Lam Luk Ka', 13.885775, 100.649384, 35.00, 0.00, 53.00, 42.50, 0.00),
(428, '2024-05-02 04:00:00', 2, 'Lam Luk Ka', 13.885775, 100.649384, 36.00, 0.00, 50.00, 42.50, 1.82),
(429, '2024-05-02 05:00:00', 2, 'Lam Luk Ka', 13.885775, 100.649384, 38.00, 0.00, 45.00, 42.50, 6.07),
(430, '2024-05-02 06:00:00', 2, 'Lam Luk Ka', 13.885775, 100.649384, 38.00, 0.00, 45.00, 42.50, 0.00);

-- --------------------------------------------------------

--
-- Table structure for table `weather_api`
--

CREATE TABLE `weather_api` (
  `weather_id` int UNSIGNED NOT NULL,
  `timestamp` timestamp NOT NULL,
  `location` varchar(100) CHARACTER SET utf8mb3 COLLATE utf8mb3_general_ci NOT NULL,
  `lat` decimal(9,6) NOT NULL,
  `lon` decimal(9,6) NOT NULL,
  `temp` decimal(5,2) NOT NULL,
  `precip` decimal(5,2) NOT NULL,
  `humid` decimal(5,2) NOT NULL
) ENGINE=InnoDB DEFAULT CHARSET=utf8mb3;

--
-- Dumping data for table `weather_api`
--

INSERT INTO `weather_api` (`weather_id`, `timestamp`, `location`, `lat`, `lon`, `temp`, `precip`, `humid`) VALUES
(1, '2024-04-13 15:00:00', 'Thanyaburi', 14.020000, 100.730000, 31.00, 0.00, 71.00),
(2, '2024-04-13 16:00:00', 'Thanyaburi', 14.020000, 100.730000, 31.00, 0.00, 71.00),
(3, '2024-04-13 17:00:00', 'Thanyaburi', 14.020000, 100.730000, 31.00, 0.00, 71.00),
(4, '2024-04-13 18:00:00', 'Thanyaburi', 14.020000, 100.730000, 30.00, 0.00, 79.00),
(5, '2024-04-13 19:00:00', 'Thanyaburi', 14.020000, 100.730000, 30.00, 0.00, 79.00),
(6, '2024-04-13 20:00:00', 'Thanyaburi', 14.020000, 100.730000, 30.00, 0.00, 79.00),
(7, '2024-04-13 21:00:00', 'Thanyaburi', 14.020000, 100.730000, 30.00, 0.00, 79.00),
(8, '2024-04-13 22:00:00', 'Thanyaburi', 14.020000, 100.730000, 30.00, 0.00, 79.00),
(9, '2024-04-13 23:00:00', 'Thanyaburi', 14.020000, 100.730000, 30.00, 0.00, 79.00),
(10, '2024-04-14 00:00:00', 'Thanyaburi', 14.020000, 100.730000, 30.00, 0.00, 79.00),
(11, '2024-04-14 01:00:00', 'Thanyaburi', 14.020000, 100.730000, 31.80, 0.00, 61.00),
(12, '2024-04-14 02:00:00', 'Thanyaburi', 14.020000, 100.730000, 32.00, 0.00, 71.00),
(13, '2024-04-14 03:00:00', 'Thanyaburi', 14.020000, 100.730000, 34.00, 0.00, 60.00),
(14, '2024-04-14 04:00:00', 'Thanyaburi', 14.020000, 100.730000, 35.00, 0.00, 53.00),
(15, '2024-04-14 05:00:00', 'Thanyaburi', 14.020000, 100.730000, 37.00, 0.00, 45.00),
(16, '2024-04-14 06:00:00', 'Thanyaburi', 14.020000, 100.730000, 37.00, 0.00, 48.00),
(17, '2024-04-14 06:00:00', 'Thanyaburi', 14.020000, 100.730000, 37.00, 0.00, 48.00),
(18, '2024-04-14 06:00:00', 'Thanyaburi', 14.020000, 100.730000, 37.00, 0.00, 48.00),
(19, '2024-04-14 06:00:00', 'Thanyaburi', 14.020000, 100.730000, 37.00, 0.00, 48.00),
(20, '2024-04-14 06:00:00', 'Thanyaburi', 14.020000, 100.730000, 37.00, 0.00, 48.00),
(21, '2024-04-14 06:00:00', 'Thanyaburi', 14.020000, 100.730000, 37.00, 0.00, 48.00),
(22, '2024-04-14 06:00:00', 'Thanyaburi', 14.020000, 100.730000, 37.00, 0.00, 48.00),
(23, '2024-04-14 06:00:00', 'Thanyaburi', 14.020000, 100.730000, 37.00, 0.00, 45.00),
(24, '2024-04-14 06:00:00', 'Thanyaburi', 14.020000, 100.730000, 37.00, 0.00, 45.00),
(25, '2024-04-14 06:00:00', 'Thanyaburi', 14.020000, 100.730000, 37.00, 0.00, 45.00),
(26, '2024-04-14 06:00:00', 'Thanyaburi', 14.020000, 100.730000, 37.00, 0.00, 45.00),
(27, '2024-04-14 06:00:00', 'Thanyaburi', 14.020000, 100.730000, 37.00, 0.00, 45.00),
(28, '2024-04-14 06:00:00', 'Thanyaburi', 14.020000, 100.730000, 37.00, 0.00, 45.00),
(29, '2024-04-14 06:00:00', 'Thanyaburi', 14.020000, 100.730000, 37.00, 0.00, 45.00),
(30, '2024-04-14 06:00:00', 'Thanyaburi', 14.020000, 100.730000, 37.00, 0.00, 45.00),
(31, '2024-04-14 06:00:00', 'Thanyaburi', 14.020000, 100.730000, 37.00, 0.00, 45.00),
(32, '2024-04-14 07:00:00', 'Thanyaburi', 14.020000, 100.730000, 37.00, 0.00, 48.00),
(33, '2024-04-14 08:00:00', 'Thanyaburi', 14.020000, 100.730000, 37.00, 0.03, 42.00),
(34, '2024-04-14 09:00:00', 'Thanyaburi', 14.020000, 100.730000, 36.00, 0.00, 47.00),
(35, '2024-04-14 10:00:00', 'Thanyaburi', 14.020000, 100.730000, 35.00, 0.00, 53.00),
(36, '2024-04-14 11:00:00', 'Thanyaburi', 14.020000, 100.730000, 34.00, 0.00, 56.00),
(37, '2024-04-14 12:00:00', 'Thanyaburi', 14.020000, 100.730000, 32.00, 0.00, 63.00),
(38, '2024-04-14 13:00:00', 'Thanyaburi', 14.020000, 100.730000, 32.00, 0.00, 67.00),
(39, '2024-04-14 14:00:00', 'Thanyaburi', 14.020000, 100.730000, 31.00, 0.00, 66.00),
(40, '2024-04-14 15:00:00', 'Thanyaburi', 14.020000, 100.730000, 31.00, 0.00, 71.00),
(41, '2024-04-14 16:00:00', 'Thanyaburi', 14.020000, 100.730000, 31.00, 0.00, 71.00),
(42, '2024-04-14 17:00:00', 'Thanyaburi', 14.020000, 100.730000, 31.00, 0.00, 71.00),
(43, '2024-04-14 18:00:00', 'Thanyaburi', 14.020000, 100.730000, 31.00, 0.00, 71.00),
(44, '2024-04-14 19:00:00', 'Thanyaburi', 14.020000, 100.730000, 30.00, 0.00, 79.00),
(45, '2024-04-14 20:00:00', 'Thanyaburi', 14.020000, 100.730000, 30.00, 0.00, 79.00),
(46, '2024-04-14 21:00:00', 'Thanyaburi', 14.020000, 100.730000, 30.00, 0.00, 79.00),
(47, '2024-04-14 22:00:00', 'Thanyaburi', 14.020000, 100.730000, 30.00, 0.00, 79.00),
(48, '2024-04-14 23:00:00', 'Thanyaburi', 14.020000, 100.730000, 30.00, 0.00, 79.00),
(49, '2024-04-15 00:00:00', 'Thanyaburi', 14.020000, 100.730000, 30.00, 0.00, 79.00),
(50, '2024-04-15 01:00:00', 'Thanyaburi', 14.020000, 100.730000, 32.00, 0.00, 71.00),
(51, '2024-04-15 02:00:00', 'Thanyaburi', 14.020000, 100.730000, 33.00, 0.00, 63.00),
(52, '2024-04-15 03:00:00', 'Thanyaburi', 14.020000, 100.730000, 34.00, 0.00, 60.00),
(53, '2024-04-15 04:00:00', 'Thanyaburi', 14.020000, 100.730000, 36.00, 0.00, 53.00),
(54, '2024-04-15 05:00:00', 'Thanyaburi', 14.020000, 100.730000, 37.00, 0.00, 48.00),
(55, '2024-04-15 06:00:00', 'Thanyaburi', 14.020000, 100.730000, 37.00, 0.00, 45.00),
(56, '2024-04-15 07:00:00', 'Thanyaburi', 14.020000, 100.730000, 37.00, 0.00, 45.00),
(57, '2024-04-15 07:00:00', 'Thanyaburi', 14.020000, 100.730000, 37.00, 0.00, 45.00),
(58, '2024-04-15 08:00:00', 'Thanyaburi', 14.020000, 100.730000, 38.00, 0.00, 42.00),
(59, '2024-04-15 09:00:00', 'Thanyaburi', 14.020000, 100.730000, 37.00, 0.00, 42.00),
(60, '2024-04-15 11:00:00', 'Thanyaburi', 14.020000, 100.730000, 34.00, 0.00, 56.00),
(61, '2024-04-15 12:00:00', 'Thanyaburi', 14.020000, 100.730000, 32.00, 0.00, 67.00),
(62, '2024-04-15 13:00:00', 'Thanyaburi', 14.020000, 100.730000, 31.00, 0.00, 71.00),
(63, '2024-04-15 14:00:00', 'Thanyaburi', 14.020000, 100.730000, 31.00, 0.00, 75.00),
(64, '2024-04-15 15:00:00', 'Thanyaburi', 14.020000, 100.730000, 31.00, 0.00, 71.00),
(65, '2024-04-15 16:00:00', 'Thanyaburi', 14.020000, 100.730000, 31.00, 0.00, 75.00),
(66, '2024-04-15 17:00:00', 'Thanyaburi', 14.020000, 100.730000, 30.00, 0.00, 79.00),
(67, '2024-04-15 18:00:00', 'Thanyaburi', 14.020000, 100.730000, 30.00, 0.00, 79.00),
(68, '2024-04-15 19:00:00', 'Thanyaburi', 14.020000, 100.730000, 30.00, 0.00, 79.00),
(69, '2024-04-15 20:00:00', 'Thanyaburi', 14.020000, 100.730000, 30.00, 0.00, 79.00),
(70, '2024-04-15 22:00:00', 'Thanyaburi', 14.020000, 100.730000, 30.00, 0.00, 79.00),
(71, '2024-04-15 23:00:00', 'Thanyaburi', 14.020000, 100.730000, 30.00, 0.00, 79.00),
(72, '2024-04-16 00:00:00', 'Thanyaburi', 14.020000, 100.730000, 30.00, 0.00, 79.00),
(73, '2024-04-16 01:00:00', 'Thanyaburi', 14.020000, 100.730000, 31.00, 0.00, 75.00),
(74, '2024-04-16 02:00:00', 'Thanyaburi', 14.020000, 100.730000, 33.00, 0.00, 63.00),
(75, '2024-04-16 03:00:00', 'Thanyaburi', 14.020000, 100.730000, 35.00, 0.00, 53.00),
(76, '2024-04-16 04:00:00', 'Thanyaburi', 14.020000, 100.730000, 36.00, 0.00, 50.00),
(77, '2024-04-16 05:00:00', 'Thanyaburi', 14.020000, 100.730000, 37.00, 0.00, 45.00),
(78, '2024-04-16 06:00:00', 'Thanyaburi', 14.020000, 100.730000, 37.00, 0.00, 48.00),
(79, '2024-04-16 07:00:00', 'Thanyaburi', 14.020000, 100.730000, 38.00, 0.00, 42.00),
(80, '2024-04-16 08:00:00', 'Thanyaburi', 14.020000, 100.730000, 38.00, 0.00, 40.00),
(81, '2024-04-16 09:00:00', 'Thanyaburi', 14.020000, 100.730000, 37.00, 0.00, 42.00),
(82, '2024-04-16 10:00:00', 'Thanyaburi', 14.020000, 100.730000, 36.00, 0.00, 45.00),
(83, '2024-04-16 11:00:00', 'Thanyaburi', 14.020000, 100.730000, 34.00, 0.00, 50.00),
(84, '2024-04-16 12:00:00', 'Thanyaburi', 14.020000, 100.730000, 32.00, 0.00, 59.00),
(85, '2024-04-16 13:00:00', 'Thanyaburi', 14.020000, 100.730000, 31.00, 0.00, 66.00),
(86, '2024-04-16 14:00:00', 'Thanyaburi', 14.020000, 100.730000, 31.00, 0.00, 71.00),
(87, '2024-04-16 15:00:00', 'Thanyaburi', 14.020000, 100.730000, 31.00, 0.00, 71.00),
(88, '2024-04-16 16:00:00', 'Thanyaburi', 14.020000, 100.730000, 30.00, 0.00, 66.00),
(89, '2024-04-16 17:00:00', 'Thanyaburi', 14.020000, 100.730000, 30.00, 0.00, 75.00),
(90, '2024-04-16 18:00:00', 'Thanyaburi', 14.020000, 100.730000, 30.00, 0.00, 75.00),
(91, '2024-04-16 19:00:00', 'Thanyaburi', 14.020000, 100.730000, 30.00, 0.00, 79.00),
(92, '2024-04-16 20:00:00', 'Thanyaburi', 14.020000, 100.730000, 30.00, 0.00, 75.00),
(93, '2024-04-16 21:00:00', 'Thanyaburi', 14.020000, 100.730000, 30.00, 0.00, 75.00),
(94, '2024-04-16 22:00:00', 'Thanyaburi', 14.020000, 100.730000, 30.00, 0.00, 79.00),
(95, '2024-04-16 23:00:00', 'Thanyaburi', 14.020000, 100.730000, 30.00, 0.00, 79.00),
(96, '2024-04-17 00:00:00', 'Thanyaburi', 14.020000, 100.730000, 30.00, 0.00, 75.00),
(97, '2024-04-17 01:00:00', 'Thanyaburi', 14.020000, 100.730000, 32.00, 0.00, 71.00),
(98, '2024-04-17 02:00:00', 'Thanyaburi', 14.020000, 100.730000, 33.00, 0.00, 67.00),
(99, '2024-04-17 03:00:00', 'Thanyaburi', 14.020000, 100.730000, 34.00, 0.00, 60.00),
(100, '2024-04-17 04:00:00', 'Thanyaburi', 14.020000, 100.730000, 35.00, 0.00, 56.00),
(101, '2024-04-17 05:00:00', 'Thanyaburi', 14.020000, 100.730000, 36.00, 0.00, 50.00),
(102, '2024-04-17 06:00:00', 'Thanyaburi', 14.020000, 100.730000, 37.00, 0.00, 51.00),
(103, '2024-04-17 07:00:00', 'Thanyaburi', 14.020000, 100.730000, 37.00, 0.00, 48.00),
(104, '2024-04-17 08:00:00', 'Thanyaburi', 14.020000, 100.730000, 37.00, 0.00, 48.00),
(105, '2024-04-17 09:00:00', 'Thanyaburi', 14.020000, 100.730000, 37.00, 0.00, 48.00),
(106, '2024-04-17 10:00:00', 'Thanyaburi', 14.020000, 100.730000, 36.00, 0.00, 50.00),
(107, '2024-04-17 11:00:00', 'Thanyaburi', 14.020000, 100.730000, 34.00, 0.00, 53.00),
(108, '2024-04-17 12:00:00', 'Thanyaburi', 14.020000, 100.730000, 32.00, 0.00, 59.00),
(109, '2024-04-17 13:00:00', 'Thanyaburi', 14.020000, 100.730000, 32.00, 0.00, 59.00),
(110, '2024-04-17 14:00:00', 'Thanyaburi', 14.020000, 100.730000, 32.00, 0.00, 63.00),
(111, '2024-04-17 15:00:00', 'Thanyaburi', 14.020000, 100.730000, 31.00, 0.00, 71.00),
(112, '2024-04-17 16:00:00', 'Thanyaburi', 14.020000, 100.730000, 31.00, 0.00, 66.00),
(113, '2024-04-17 17:00:00', 'Thanyaburi', 14.020000, 100.730000, 31.00, 0.00, 71.00),
(114, '2024-04-17 18:00:00', 'Thanyaburi', 14.020000, 100.730000, 31.00, 0.00, 75.00),
(115, '2024-04-17 19:00:00', 'Thanyaburi', 14.020000, 100.730000, 30.00, 0.00, 75.00),
(116, '2024-04-17 20:00:00', 'Thanyaburi', 14.020000, 100.730000, 30.00, 0.00, 79.00),
(117, '2024-04-17 21:00:00', 'Thanyaburi', 14.020000, 100.730000, 30.00, 0.00, 79.00),
(118, '2024-04-17 22:00:00', 'Thanyaburi', 14.020000, 100.730000, 30.00, 0.00, 79.00),
(119, '2024-04-17 23:00:00', 'Thanyaburi', 14.020000, 100.730000, 30.00, 0.00, 79.00),
(120, '2024-04-18 00:00:00', 'Thanyaburi', 14.020000, 100.730000, 30.00, 0.00, 79.00),
(121, '2024-04-18 01:00:00', 'Thanyaburi', 14.020000, 100.730000, 32.00, 0.00, 71.00),
(122, '2024-04-18 02:00:00', 'Thanyaburi', 14.020000, 100.730000, 34.00, 0.00, 53.00),
(123, '2024-04-18 03:00:00', 'Thanyaburi', 14.020000, 100.730000, 35.00, 0.00, 47.00),
(124, '2024-04-18 04:00:00', 'Thanyaburi', 14.020000, 100.730000, 37.00, 0.00, 40.00),
(125, '2024-04-18 05:00:00', 'Thanyaburi', 14.020000, 100.730000, 37.00, 0.00, 37.00),
(126, '2024-04-18 06:00:00', 'Thanyaburi', 14.020000, 100.730000, 39.00, 0.00, 31.00),
(127, '2024-04-18 07:00:00', 'Thanyaburi', 14.020000, 100.730000, 38.00, 0.00, 42.00),
(128, '2024-04-18 08:00:00', 'Thanyaburi', 14.020000, 100.730000, 37.00, 0.00, 51.00),
(129, '2024-04-18 09:00:00', 'Thanyaburi', 14.020000, 100.730000, 37.00, 0.00, 51.00),
(130, '2024-04-18 10:00:00', 'Thanyaburi', 14.020000, 100.730000, 36.00, 0.00, 50.00),
(131, '2024-04-18 11:00:00', 'Thanyaburi', 14.020000, 100.730000, 35.00, 0.00, 53.00),
(132, '2024-04-18 12:00:00', 'Thanyaburi', 14.020000, 100.730000, 33.00, 0.00, 59.00),
(133, '2024-04-18 13:00:00', 'Thanyaburi', 14.020000, 100.730000, 32.00, 0.00, 67.00),
(134, '2024-04-18 14:00:00', 'Thanyaburi', 14.020000, 100.730000, 31.00, 0.00, 75.00),
(135, '2024-04-18 15:00:00', 'Thanyaburi', 14.020000, 100.730000, 31.00, 0.00, 75.00),
(136, '2024-04-18 16:00:00', 'Thanyaburi', 14.020000, 100.730000, 31.00, 0.00, 75.00),
(137, '2024-04-18 17:00:00', 'Thanyaburi', 14.020000, 100.730000, 31.00, 0.00, 75.00),
(138, '2024-04-18 18:00:00', 'Thanyaburi', 14.020000, 100.730000, 30.00, 0.00, 75.00),
(139, '2024-04-18 19:00:00', 'Thanyaburi', 14.020000, 100.730000, 31.00, 0.47, 75.00),
(140, '2024-04-18 20:00:00', 'Thanyaburi', 14.020000, 100.730000, 30.00, 0.00, 79.00),
(141, '2024-04-18 21:00:00', 'Thanyaburi', 14.020000, 100.730000, 30.00, 0.00, 79.00),
(142, '2024-04-18 22:00:00', 'Thanyaburi', 14.020000, 100.730000, 30.00, 0.00, 79.00),
(143, '2024-04-18 23:00:00', 'Thanyaburi', 14.020000, 100.730000, 30.00, 0.00, 79.00),
(144, '2024-04-19 00:00:00', 'Thanyaburi', 14.020000, 100.730000, 30.00, 0.00, 79.00),
(145, '2024-04-19 01:00:00', 'Thanyaburi', 14.020000, 100.730000, 32.00, 0.00, 67.00),
(146, '2024-04-19 02:00:00', 'Thanyaburi', 14.020000, 100.730000, 33.00, 0.00, 59.00),
(147, '2024-04-19 03:00:00', 'Thanyaburi', 14.020000, 100.730000, 35.00, 0.00, 50.00),
(148, '2024-04-19 04:00:00', 'Thanyaburi', 14.020000, 100.730000, 36.00, 0.00, 42.00),
(149, '2024-04-19 05:00:00', 'Thanyaburi', 14.020000, 100.730000, 37.00, 0.00, 37.00),
(150, '2024-04-19 06:00:00', 'Thanyaburi', 14.020000, 100.730000, 39.00, 0.00, 26.00),
(151, '2024-04-19 07:00:00', 'Thanyaburi', 14.020000, 100.730000, 38.00, 0.00, 42.00),
(152, '2024-04-19 08:00:00', 'Thanyaburi', 14.020000, 100.730000, 38.00, 0.00, 42.00),
(153, '2024-04-19 09:00:00', 'Thanyaburi', 14.020000, 100.730000, 38.00, 0.00, 45.00),
(154, '2024-04-19 10:00:00', 'Thanyaburi', 14.020000, 100.730000, 36.00, 0.00, 50.00),
(155, '2024-04-19 11:00:00', 'Thanyaburi', 14.020000, 100.730000, 34.00, 0.00, 56.00),
(156, '2024-04-19 12:00:00', 'Thanyaburi', 14.020000, 100.730000, 33.00, 0.00, 63.00),
(157, '2024-04-19 13:00:00', 'Thanyaburi', 14.020000, 100.730000, 32.00, 0.00, 67.00),
(158, '2024-04-19 14:00:00', 'Thanyaburi', 14.020000, 100.730000, 32.00, 0.00, 63.00),
(159, '2024-04-19 15:00:00', 'Thanyaburi', 14.020000, 100.730000, 31.00, 0.00, 71.00),
(160, '2024-04-19 16:00:00', 'Thanyaburi', 14.020000, 100.730000, 31.00, 0.00, 75.00),
(161, '2024-04-19 17:00:00', 'Thanyaburi', 14.020000, 100.730000, 31.00, 0.00, 75.00),
(162, '2024-04-19 18:00:00', 'Thanyaburi', 14.020000, 100.730000, 31.00, 0.00, 75.00),
(163, '2024-04-19 19:00:00', 'Thanyaburi', 14.020000, 100.730000, 30.00, 0.00, 79.00),
(164, '2024-04-19 20:00:00', 'Thanyaburi', 14.020000, 100.730000, 30.00, 0.00, 84.00),
(165, '2024-04-19 21:00:00', 'Thanyaburi', 14.020000, 100.730000, 30.00, 0.19, 84.00),
(166, '2024-04-19 22:00:00', 'Thanyaburi', 14.020000, 100.730000, 30.00, 0.00, 84.00),
(167, '2024-04-19 23:00:00', 'Thanyaburi', 14.020000, 100.730000, 30.00, 0.21, 84.00),
(168, '2024-04-20 00:00:00', 'Thanyaburi', 14.020000, 100.730000, 30.00, 0.04, 84.00),
(169, '2024-04-20 01:00:00', 'Thanyaburi', 14.020000, 100.730000, 32.00, 0.00, 67.00),
(170, '2024-04-20 02:00:00', 'Thanyaburi', 14.020000, 100.730000, 34.00, 0.00, 50.00),
(171, '2024-04-20 03:00:00', 'Thanyaburi', 14.020000, 100.730000, 35.00, 0.00, 44.00),
(172, '2024-04-20 04:00:00', 'Thanyaburi', 14.020000, 100.730000, 36.00, 0.00, 37.00),
(173, '2024-04-20 05:00:00', 'Thanyaburi', 14.020000, 100.730000, 37.00, 0.00, 33.00),
(174, '2024-04-20 06:00:00', 'Thanyaburi', 14.020000, 100.730000, 39.00, 0.00, 30.00),
(175, '2024-04-20 07:00:00', 'Thanyaburi', 14.020000, 100.730000, 39.00, 0.00, 26.00),
(176, '2024-04-20 08:00:00', 'Thanyaburi', 14.020000, 100.730000, 39.00, 0.00, 28.00),
(177, '2024-04-20 09:00:00', 'Thanyaburi', 14.020000, 100.730000, 39.00, 0.00, 24.00),
(178, '2024-04-20 10:00:00', 'Thanyaburi', 14.020000, 100.730000, 39.00, 0.00, 24.00),
(179, '2024-04-20 11:00:00', 'Thanyaburi', 14.020000, 100.730000, 36.00, 0.00, 45.00),
(180, '2024-04-20 12:00:00', 'Thanyaburi', 14.020000, 100.730000, 34.00, 0.00, 53.00),
(181, '2024-04-20 13:00:00', 'Thanyaburi', 14.020000, 100.730000, 33.00, 0.00, 53.00),
(182, '2024-04-20 14:00:00', 'Thanyaburi', 14.020000, 100.730000, 32.00, 0.00, 63.00),
(183, '2024-04-20 15:00:00', 'Thanyaburi', 14.020000, 100.730000, 31.00, 0.00, 79.00),
(184, '2024-04-20 16:00:00', 'Thanyaburi', 14.020000, 100.730000, 31.00, 0.00, 75.00),
(185, '2024-04-20 17:00:00', 'Thanyaburi', 14.020000, 100.730000, 31.00, 0.00, 75.00),
(186, '2024-04-20 18:00:00', 'Thanyaburi', 14.020000, 100.730000, 31.00, 0.00, 75.00),
(187, '2024-04-20 19:00:00', 'Thanyaburi', 14.020000, 100.730000, 31.00, 0.00, 75.00),
(188, '2024-04-20 20:00:00', 'Thanyaburi', 14.020000, 100.730000, 30.00, 0.00, 79.00),
(189, '2024-04-20 21:00:00', 'Thanyaburi', 14.020000, 100.730000, 30.00, 0.00, 79.00),
(190, '2024-04-20 22:00:00', 'Thanyaburi', 14.020000, 100.730000, 30.00, 0.00, 79.00),
(191, '2024-04-20 23:00:00', 'Thanyaburi', 14.020000, 100.730000, 30.00, 0.00, 84.00),
(192, '2024-04-21 00:00:00', 'Thanyaburi', 14.020000, 100.730000, 30.00, 0.00, 84.00),
(193, '2024-04-21 01:00:00', 'Thanyaburi', 14.020000, 100.730000, 32.00, 0.00, 63.00),
(194, '2024-04-21 02:00:00', 'Thanyaburi', 14.020000, 100.730000, 34.00, 0.00, 47.00),
(195, '2024-04-21 03:00:00', 'Thanyaburi', 14.020000, 100.730000, 34.00, 0.00, 41.00),
(196, '2024-04-21 03:00:00', 'Lam Luk Ka', 13.930000, 100.750000, 34.00, 0.00, 41.00),
(197, '2024-04-21 04:00:00', 'Lam Luk Ka', 13.930000, 100.750000, 35.00, 0.00, 42.00),
(198, '2024-04-21 04:00:00', 'Thanyaburi', 14.020000, 100.730000, 35.00, 0.00, 42.00),
(199, '2024-04-21 04:00:00', 'Lam Luk Ka', 13.930000, 100.750000, 35.00, 0.00, 42.00),
(200, '2024-04-21 04:00:00', 'Thanyaburi', 14.020000, 100.730000, 35.00, 0.00, 42.00),
(201, '2024-04-21 05:00:00', 'Lam Luk Ka', 13.930000, 100.750000, 36.00, 0.00, 42.00),
(202, '2024-04-21 05:00:00', 'Thanyaburi', 14.020000, 100.730000, 36.00, 0.00, 42.00),
(203, '2024-04-21 06:00:00', 'Lam Luk Ka', 13.930000, 100.750000, 37.00, 0.00, 37.00),
(204, '2024-04-21 06:00:00', 'Thanyaburi', 14.020000, 100.730000, 37.00, 0.00, 37.00),
(205, '2024-04-21 08:00:00', 'Thanyaburi', 14.020000, 100.730000, 39.00, 0.00, 31.00),
(206, '2024-04-21 08:00:00', 'Lam Luk Ka', 13.930000, 100.750000, 39.00, 0.00, 31.00),
(207, '2024-04-21 09:00:00', 'Lam Luk Ka', 13.930000, 100.750000, 40.00, 0.00, 26.00),
(208, '2024-04-21 09:00:00', 'Thanyaburi', 14.020000, 100.730000, 40.00, 0.00, 26.00),
(209, '2024-04-21 10:00:00', 'Thanyaburi', 14.020000, 100.730000, 39.00, 0.00, 26.00),
(210, '2024-04-21 10:00:00', 'Lam Luk Ka', 13.930000, 100.750000, 39.00, 0.00, 26.00),
(211, '2024-04-21 11:00:00', 'Lam Luk Ka', 13.930000, 100.750000, 39.00, 0.00, 28.00),
(212, '2024-04-21 11:00:00', 'Thanyaburi', 14.020000, 100.730000, 39.00, 0.00, 28.00),
(213, '2024-04-21 12:00:00', 'Lam Luk Ka', 13.930000, 100.750000, 37.00, 0.00, 40.00),
(214, '2024-04-21 12:00:00', 'Thanyaburi', 14.020000, 100.730000, 37.00, 0.00, 40.00),
(215, '2024-04-21 13:00:00', 'Lam Luk Ka', 13.930000, 100.750000, 35.00, 0.00, 44.00),
(216, '2024-04-21 13:00:00', 'Thanyaburi', 14.020000, 100.730000, 35.00, 0.00, 44.00),
(217, '2024-04-21 14:00:00', 'Lam Luk Ka', 13.930000, 100.750000, 34.00, 0.00, 50.00),
(218, '2024-04-21 14:00:00', 'Thanyaburi', 14.020000, 100.730000, 34.00, 0.00, 50.00),
(219, '2024-04-21 15:00:00', 'Thanyaburi', 14.020000, 100.730000, 33.00, 0.00, 56.00),
(220, '2024-04-21 15:00:00', 'Lam Luk Ka', 13.930000, 100.750000, 33.00, 0.00, 56.00),
(221, '2024-04-21 16:00:00', 'Thanyaburi', 14.020000, 100.730000, 32.00, 0.00, 67.00),
(222, '2024-04-21 16:00:00', 'Lam Luk Ka', 13.930000, 100.750000, 32.00, 0.00, 67.00),
(223, '2024-04-21 17:00:00', 'Lam Luk Ka', 13.930000, 100.750000, 32.00, 0.00, 67.00),
(224, '2024-04-21 17:00:00', 'Thanyaburi', 14.020000, 100.730000, 32.00, 0.00, 67.00),
(225, '2024-04-21 18:00:00', 'Thanyaburi', 14.020000, 100.730000, 31.00, 0.00, 75.00),
(226, '2024-04-21 18:00:00', 'Lam Luk Ka', 13.930000, 100.750000, 31.00, 0.00, 75.00),
(227, '2024-04-21 19:00:00', 'Thanyaburi', 14.020000, 100.730000, 31.00, 0.00, 75.00),
(228, '2024-04-21 19:00:00', 'Lam Luk Ka', 13.930000, 100.750000, 31.00, 0.00, 75.00),
(229, '2024-04-21 20:00:00', 'Thanyaburi', 14.020000, 100.730000, 31.00, 0.00, 75.00),
(230, '2024-04-21 20:00:00', 'Lam Luk Ka', 13.930000, 100.750000, 31.00, 0.00, 75.00),
(231, '2024-04-21 21:00:00', 'Thanyaburi', 14.020000, 100.730000, 30.00, 0.00, 75.00),
(232, '2024-04-21 21:00:00', 'Lam Luk Ka', 13.930000, 100.750000, 30.00, 0.00, 75.00),
(233, '2024-04-21 22:00:00', 'Lam Luk Ka', 13.930000, 100.750000, 30.00, 0.00, 75.00),
(234, '2024-04-21 22:00:00', 'Thanyaburi', 14.020000, 100.730000, 30.00, 0.00, 75.00),
(235, '2024-04-21 23:00:00', 'Thanyaburi', 14.020000, 100.730000, 30.00, 0.00, 79.00),
(236, '2024-04-21 23:00:00', 'Lam Luk Ka', 13.930000, 100.750000, 30.00, 0.00, 79.00),
(237, '2024-04-22 00:00:00', 'Thanyaburi', 14.020000, 100.730000, 30.00, 0.00, 84.00),
(238, '2024-04-22 00:00:00', 'Lam Luk Ka', 13.930000, 100.750000, 30.00, 0.00, 84.00),
(239, '2024-04-22 01:00:00', 'Thanyaburi', 14.020000, 100.730000, 32.20, 0.00, 59.00),
(240, '2024-04-22 01:00:00', 'Lam Luk Ka', 13.930000, 100.750000, 32.20, 0.00, 59.00),
(241, '2024-04-22 02:00:00', 'Thanyaburi', 14.020000, 100.730000, 33.00, 0.00, 71.00),
(242, '2024-04-22 02:00:00', 'Lam Luk Ka', 13.930000, 100.750000, 33.00, 0.00, 71.00),
(243, '2024-04-22 03:00:00', 'Thanyaburi', 14.020000, 100.730000, 34.00, 0.00, 60.00),
(244, '2024-04-22 03:00:00', 'Lam Luk Ka', 13.930000, 100.750000, 34.00, 0.00, 60.00),
(245, '2024-04-22 04:00:00', 'Lam Luk Ka', 13.930000, 100.750000, 35.00, 0.00, 56.00),
(246, '2024-04-22 04:00:00', 'Thanyaburi', 14.020000, 100.730000, 35.00, 0.00, 56.00),
(247, '2024-04-22 05:00:00', 'Lam Luk Ka', 13.930000, 100.750000, 37.00, 0.00, 51.00),
(248, '2024-04-22 05:00:00', 'Thanyaburi', 14.020000, 100.730000, 37.00, 0.00, 51.00),
(249, '2024-04-22 06:00:00', 'Lam Luk Ka', 13.930000, 100.750000, 38.00, 0.00, 45.00),
(250, '2024-04-22 06:00:00', 'Thanyaburi', 14.020000, 100.730000, 38.00, 0.00, 45.00),
(251, '2024-04-22 07:00:00', 'Lam Luk Ka', 13.930000, 100.750000, 37.00, 0.00, 48.00),
(252, '2024-04-22 07:00:00', 'Thanyaburi', 14.020000, 100.730000, 37.00, 0.00, 48.00),
(253, '2024-04-22 08:00:00', 'Thanyaburi', 14.020000, 100.730000, 37.00, 0.00, 48.00),
(254, '2024-04-22 08:00:00', 'Lam Luk Ka', 13.930000, 100.750000, 37.00, 0.00, 48.00),
(255, '2024-04-22 09:00:00', 'Thanyaburi', 14.020000, 100.730000, 38.00, 0.00, 42.00),
(256, '2024-04-22 09:00:00', 'Lam Luk Ka', 13.930000, 100.750000, 38.00, 0.00, 42.00),
(257, '2024-04-22 10:00:00', 'Lam Luk Ka', 13.930000, 100.750000, 37.00, 0.00, 45.00),
(258, '2024-04-22 10:00:00', 'Thanyaburi', 14.020000, 100.730000, 37.00, 0.00, 45.00),
(259, '2024-04-22 11:00:00', 'Lam Luk Ka', 13.930000, 100.750000, 36.00, 0.00, 45.00),
(260, '2024-04-22 11:00:00', 'Thanyaburi', 14.020000, 100.730000, 36.00, 0.00, 45.00),
(261, '2024-04-22 12:00:00', 'Lam Luk Ka', 13.930000, 100.750000, 34.00, 0.00, 53.00),
(262, '2024-04-22 12:00:00', 'Thanyaburi', 14.020000, 100.730000, 34.00, 0.00, 53.00),
(263, '2024-04-22 13:00:00', 'Thanyaburi', 14.020000, 100.730000, 33.00, 0.00, 59.00),
(264, '2024-04-22 13:00:00', 'Lam Luk Ka', 13.930000, 100.750000, 33.00, 0.00, 59.00),
(265, '2024-04-22 14:00:00', 'Lam Luk Ka', 13.930000, 100.750000, 32.00, 0.00, 67.00),
(266, '2024-04-22 15:00:00', 'Thanyaburi', 14.020000, 100.730000, 32.00, 0.00, 67.00),
(267, '2024-04-22 15:00:00', 'Lam Luk Ka', 13.930000, 100.750000, 32.00, 0.00, 67.00),
(268, '2024-04-22 16:00:00', 'Thanyaburi', 14.020000, 100.730000, 31.00, 0.00, 75.00),
(269, '2024-04-22 16:00:00', 'Lam Luk Ka', 13.930000, 100.750000, 31.00, 0.00, 75.00),
(270, '2024-04-22 17:00:00', 'Thanyaburi', 14.020000, 100.730000, 31.00, 0.00, 75.00),
(271, '2024-04-22 17:00:00', 'Lam Luk Ka', 13.930000, 100.750000, 31.00, 0.00, 75.00),
(272, '2024-04-22 18:00:00', 'Lam Luk Ka', 13.930000, 100.750000, 31.00, 0.00, 75.00),
(273, '2024-04-22 18:00:00', 'Thanyaburi', 14.020000, 100.730000, 31.00, 0.00, 75.00),
(274, '2024-04-22 19:00:00', 'Thanyaburi', 14.020000, 100.730000, 31.00, 0.00, 75.00),
(275, '2024-04-22 19:00:00', 'Lam Luk Ka', 13.930000, 100.750000, 31.00, 0.00, 75.00),
(276, '2024-04-22 20:00:00', 'Lam Luk Ka', 13.930000, 100.750000, 31.00, 0.00, 75.00),
(277, '2024-04-22 20:00:00', 'Thanyaburi', 14.020000, 100.730000, 31.00, 0.00, 75.00),
(278, '2024-04-22 21:00:00', 'Lam Luk Ka', 13.930000, 100.750000, 31.00, 0.00, 75.00),
(279, '2024-04-22 21:00:00', 'Thanyaburi', 14.020000, 100.730000, 31.00, 0.00, 75.00),
(280, '2024-04-22 22:00:00', 'Lam Luk Ka', 13.930000, 100.750000, 31.00, 0.00, 75.00),
(281, '2024-04-22 22:00:00', 'Thanyaburi', 14.020000, 100.730000, 31.00, 0.00, 75.00),
(282, '2024-04-22 23:00:00', 'Lam Luk Ka', 13.930000, 100.750000, 30.00, 0.00, 79.00),
(283, '2024-04-22 23:00:00', 'Thanyaburi', 14.020000, 100.730000, 30.00, 0.00, 79.00),
(284, '2024-04-23 00:00:00', 'Thanyaburi', 14.020000, 100.730000, 31.00, 0.00, 79.00),
(285, '2024-04-23 00:00:00', 'Lam Luk Ka', 13.930000, 100.750000, 31.00, 0.00, 79.00),
(286, '2024-04-23 01:00:00', 'Lam Luk Ka', 13.930000, 100.750000, 32.20, 0.00, 63.00),
(287, '2024-04-23 01:00:00', 'Thanyaburi', 14.020000, 100.730000, 32.20, 0.00, 63.00),
(288, '2024-04-23 02:00:00', 'Thanyaburi', 14.020000, 100.730000, 32.00, 0.00, 75.00),
(289, '2024-04-23 02:00:00', 'Lam Luk Ka', 13.930000, 100.750000, 32.00, 0.00, 75.00),
(290, '2024-04-23 03:00:00', 'Lam Luk Ka', 13.930000, 100.750000, 34.00, 0.00, 63.00),
(291, '2024-04-23 03:00:00', 'Thanyaburi', 14.020000, 100.730000, 34.00, 0.00, 63.00),
(292, '2024-04-23 04:00:00', 'Thanyaburi', 14.020000, 100.730000, 35.00, 0.00, 60.00),
(293, '2024-04-23 04:00:00', 'Lam Luk Ka', 13.930000, 100.750000, 35.00, 0.00, 60.00),
(294, '2024-04-23 05:00:00', 'Lam Luk Ka', 13.930000, 100.750000, 36.00, 0.00, 53.00),
(295, '2024-04-23 05:00:00', 'Thanyaburi', 14.020000, 100.730000, 36.00, 0.00, 53.00),
(296, '2024-04-23 06:00:00', 'Thanyaburi', 14.020000, 100.730000, 37.00, 0.00, 51.00),
(297, '2024-04-23 06:00:00', 'Lam Luk Ka', 13.930000, 100.750000, 37.00, 0.00, 51.00),
(298, '2024-04-23 07:00:00', 'Thanyaburi', 14.020000, 100.730000, 38.00, 0.00, 45.00),
(299, '2024-04-23 07:00:00', 'Lam Luk Ka', 13.930000, 100.750000, 38.00, 0.00, 45.00),
(300, '2024-04-23 08:00:00', 'Lam Luk Ka', 13.930000, 100.750000, 37.00, 0.00, 45.00),
(301, '2024-04-23 08:00:00', 'Thanyaburi', 14.020000, 100.730000, 37.00, 0.00, 45.00),
(302, '2024-04-23 09:00:00', 'Thanyaburi', 14.020000, 100.730000, 38.00, 0.00, 42.00),
(303, '2024-04-23 09:00:00', 'Lam Luk Ka', 13.930000, 100.750000, 38.00, 0.00, 42.00),
(304, '2024-04-23 10:00:00', 'Lam Luk Ka', 13.930000, 100.750000, 38.00, 0.00, 40.00),
(305, '2024-04-23 10:00:00', 'Thanyaburi', 14.020000, 100.730000, 38.00, 0.00, 40.00),
(306, '2024-04-23 11:00:00', 'Lam Luk Ka', 13.930000, 100.750000, 36.00, 0.00, 42.00),
(307, '2024-04-23 11:00:00', 'Thanyaburi', 14.020000, 100.730000, 36.00, 0.00, 42.00),
(308, '2024-04-23 12:00:00', 'Lam Luk Ka', 13.930000, 100.750000, 34.00, 0.00, 47.00),
(309, '2024-04-23 12:00:00', 'Thanyaburi', 14.020000, 100.730000, 34.00, 0.00, 47.00),
(310, '2024-04-23 13:00:00', 'Lam Luk Ka', 13.930000, 100.750000, 33.00, 0.00, 56.00),
(311, '2024-04-23 13:00:00', 'Thanyaburi', 14.020000, 100.730000, 33.00, 0.00, 56.00),
(312, '2024-04-23 14:00:00', 'Thanyaburi', 14.020000, 100.730000, 32.00, 0.00, 63.00),
(313, '2024-04-23 14:00:00', 'Lam Luk Ka', 13.930000, 100.750000, 32.00, 0.00, 63.00),
(314, '2024-04-23 15:00:00', 'Lam Luk Ka', 13.930000, 100.750000, 31.00, 0.00, 66.00),
(315, '2024-04-23 15:00:00', 'Thanyaburi', 14.020000, 100.730000, 31.00, 0.00, 66.00),
(316, '2024-04-23 16:00:00', 'Thanyaburi', 14.020000, 100.730000, 31.00, 0.00, 71.00),
(317, '2024-04-23 16:00:00', 'Lam Luk Ka', 13.930000, 100.750000, 31.00, 0.00, 71.00),
(318, '2024-04-23 17:00:00', 'Lam Luk Ka', 13.930000, 100.750000, 31.00, 0.00, 75.00),
(319, '2024-04-23 17:00:00', 'Thanyaburi', 14.020000, 100.730000, 31.00, 0.00, 75.00),
(320, '2024-04-23 18:00:00', 'Lam Luk Ka', 13.930000, 100.750000, 31.00, 0.00, 75.00),
(321, '2024-04-23 18:00:00', 'Thanyaburi', 14.020000, 100.730000, 31.00, 0.00, 75.00),
(322, '2024-04-23 19:00:00', 'Thanyaburi', 14.020000, 100.730000, 30.00, 0.00, 79.00),
(323, '2024-04-23 19:00:00', 'Lam Luk Ka', 13.930000, 100.750000, 30.00, 0.00, 79.00),
(324, '2024-04-23 20:00:00', 'Lam Luk Ka', 13.930000, 100.750000, 30.00, 0.00, 79.00),
(325, '2024-04-23 20:00:00', 'Thanyaburi', 14.020000, 100.730000, 30.00, 0.00, 79.00),
(326, '2024-04-23 21:00:00', 'Lam Luk Ka', 13.930000, 100.750000, 30.00, 0.00, 79.00),
(327, '2024-04-23 21:00:00', 'Thanyaburi', 14.020000, 100.730000, 30.00, 0.00, 79.00),
(328, '2024-04-23 22:00:00', 'Thanyaburi', 14.020000, 100.730000, 31.00, 0.00, 75.00),
(329, '2024-04-23 22:00:00', 'Lam Luk Ka', 13.930000, 100.750000, 31.00, 0.00, 75.00),
(330, '2024-04-23 23:00:00', 'Thanyaburi', 14.020000, 100.730000, 30.00, 0.00, 79.00),
(331, '2024-04-23 23:00:00', 'Lam Luk Ka', 13.930000, 100.750000, 30.00, 0.00, 79.00),
(332, '2024-04-24 00:00:00', 'Thanyaburi', 14.020000, 100.730000, 30.00, 0.00, 79.00),
(333, '2024-04-24 00:00:00', 'Lam Luk Ka', 13.930000, 100.750000, 30.00, 0.00, 79.00),
(334, '2024-04-24 01:00:00', 'Thanyaburi', 14.020000, 100.730000, 32.00, 0.00, 62.00),
(335, '2024-04-24 01:00:00', 'Lam Luk Ka', 13.930000, 100.750000, 32.00, 0.00, 62.00),
(336, '2024-04-24 02:00:00', 'Thanyaburi', 14.020000, 100.730000, 33.00, 0.00, 71.00),
(337, '2024-04-24 02:00:00', 'Lam Luk Ka', 13.930000, 100.750000, 33.00, 0.00, 71.00),
(338, '2024-04-24 03:00:00', 'Thanyaburi', 14.020000, 100.730000, 35.00, 0.00, 60.00),
(339, '2024-04-24 03:00:00', 'Lam Luk Ka', 13.930000, 100.750000, 35.00, 0.00, 60.00),
(340, '2024-04-24 04:00:00', 'Lam Luk Ka', 13.930000, 100.750000, 36.00, 0.00, 50.00),
(341, '2024-04-24 04:00:00', 'Thanyaburi', 14.020000, 100.730000, 36.00, 0.00, 50.00),
(342, '2024-04-24 05:00:00', 'Thanyaburi', 14.020000, 100.730000, 37.00, 0.00, 51.00),
(343, '2024-04-24 05:00:00', 'Lam Luk Ka', 13.930000, 100.750000, 37.00, 0.00, 51.00),
(344, '2024-04-24 06:00:00', 'Lam Luk Ka', 13.930000, 100.750000, 37.00, 0.00, 51.00),
(345, '2024-04-24 06:00:00', 'Thanyaburi', 14.020000, 100.730000, 37.00, 0.00, 51.00),
(346, '2024-04-24 07:00:00', 'Thanyaburi', 14.020000, 100.730000, 38.00, 0.00, 42.00),
(347, '2024-04-24 07:00:00', 'Lam Luk Ka', 13.930000, 100.750000, 38.00, 0.00, 42.00),
(348, '2024-04-24 08:00:00', 'Lam Luk Ka', 13.930000, 100.750000, 38.00, 0.00, 38.00),
(349, '2024-04-24 08:00:00', 'Thanyaburi', 14.020000, 100.730000, 38.00, 0.00, 38.00),
(350, '2024-04-24 09:00:00', 'Thanyaburi', 14.020000, 100.730000, 38.00, 0.00, 35.00),
(351, '2024-04-24 09:00:00', 'Lam Luk Ka', 13.930000, 100.750000, 38.00, 0.00, 35.00),
(352, '2024-04-24 10:00:00', 'Lam Luk Ka', 13.930000, 100.750000, 38.00, 0.00, 29.00),
(353, '2024-04-24 10:00:00', 'Thanyaburi', 14.020000, 100.730000, 38.00, 0.00, 29.00),
(354, '2024-04-24 11:00:00', 'Lam Luk Ka', 13.930000, 100.750000, 37.00, 0.00, 35.00),
(355, '2024-04-24 11:00:00', 'Thanyaburi', 14.020000, 100.730000, 37.00, 0.00, 35.00),
(356, '2024-04-24 12:00:00', 'Thanyaburi', 14.020000, 100.730000, 35.00, 0.00, 42.00),
(357, '2024-04-24 12:00:00', 'Lam Luk Ka', 13.930000, 100.750000, 35.00, 0.00, 42.00),
(358, '2024-04-24 13:00:00', 'Thanyaburi', 14.020000, 100.730000, 33.00, 0.00, 56.00),
(359, '2024-04-24 13:00:00', 'Lam Luk Ka', 13.930000, 100.750000, 33.00, 0.00, 56.00),
(360, '2024-04-24 14:00:00', 'Lam Luk Ka', 13.930000, 100.750000, 32.00, 0.00, 63.00),
(361, '2024-04-24 14:00:00', 'Thanyaburi', 14.020000, 100.730000, 32.00, 0.00, 63.00),
(362, '2024-04-24 15:00:00', 'Lam Luk Ka', 13.930000, 100.750000, 31.00, 0.00, 66.00),
(363, '2024-04-24 15:00:00', 'Thanyaburi', 14.020000, 100.730000, 31.00, 0.00, 66.00),
(364, '2024-04-24 16:00:00', 'Thanyaburi', 14.020000, 100.730000, 31.00, 0.00, 71.00),
(365, '2024-04-24 16:00:00', 'Lam Luk Ka', 13.930000, 100.750000, 31.00, 0.00, 71.00),
(366, '2024-04-24 17:00:00', 'Lam Luk Ka', 13.930000, 100.750000, 31.00, 0.00, 75.00),
(367, '2024-04-24 17:00:00', 'Thanyaburi', 14.020000, 100.730000, 31.00, 0.00, 75.00),
(368, '2024-04-24 18:00:00', 'Lam Luk Ka', 13.930000, 100.750000, 30.00, 0.00, 79.00),
(369, '2024-04-24 18:00:00', 'Thanyaburi', 14.020000, 100.730000, 30.00, 0.00, 79.00),
(370, '2024-04-24 19:00:00', 'Thanyaburi', 14.020000, 100.730000, 30.00, 0.00, 75.00),
(371, '2024-04-24 19:00:00', 'Lam Luk Ka', 13.930000, 100.750000, 30.00, 0.00, 75.00),
(372, '2024-04-24 20:00:00', 'Lam Luk Ka', 13.930000, 100.750000, 30.00, 0.00, 79.00),
(373, '2024-04-24 20:00:00', 'Thanyaburi', 14.020000, 100.730000, 30.00, 0.00, 79.00),
(374, '2024-04-24 21:00:00', 'Thanyaburi', 14.020000, 100.730000, 30.00, 0.00, 75.00),
(375, '2024-04-24 21:00:00', 'Lam Luk Ka', 13.930000, 100.750000, 30.00, 0.00, 75.00),
(376, '2024-04-24 22:00:00', 'Thanyaburi', 14.020000, 100.730000, 30.00, 0.00, 79.00),
(377, '2024-04-24 22:00:00', 'Lam Luk Ka', 13.930000, 100.750000, 30.00, 0.00, 79.00),
(378, '2024-04-24 23:00:00', 'Thanyaburi', 14.020000, 100.730000, 30.00, 0.00, 79.00),
(379, '2024-04-24 23:00:00', 'Lam Luk Ka', 13.930000, 100.750000, 29.20, 0.00, 72.00),
(380, '2024-04-25 00:00:00', 'Lam Luk Ka', 13.930000, 100.750000, 30.00, 0.00, 79.00),
(381, '2024-04-25 00:00:00', 'Thanyaburi', 14.020000, 100.730000, 30.00, 0.00, 79.00),
(382, '2024-04-25 01:00:00', 'Thanyaburi', 14.020000, 100.730000, 32.30, 0.00, 57.00),
(383, '2024-04-25 01:00:00', 'Lam Luk Ka', 13.930000, 100.750000, 32.30, 0.00, 57.00),
(384, '2024-04-25 02:00:00', 'Lam Luk Ka', 13.930000, 100.750000, 34.50, 0.00, 47.00),
(385, '2024-04-25 02:00:00', 'Thanyaburi', 14.020000, 100.730000, 33.00, 0.00, 63.00),
(386, '2024-04-25 03:00:00', 'Lam Luk Ka', 13.930000, 100.750000, 34.00, 0.00, 60.00),
(387, '2024-04-25 03:00:00', 'Thanyaburi', 14.020000, 100.730000, 34.00, 0.00, 60.00),
(388, '2024-04-25 04:00:00', 'Lam Luk Ka', 13.930000, 100.750000, 36.00, 0.00, 50.00),
(389, '2024-04-25 04:00:00', 'Thanyaburi', 14.020000, 100.730000, 36.00, 0.00, 50.00),
(390, '2024-04-25 05:00:00', 'Thanyaburi', 14.020000, 100.730000, 38.00, 0.00, 45.00),
(391, '2024-04-25 05:00:00', 'Lam Luk Ka', 13.930000, 100.750000, 38.00, 0.00, 45.00),
(392, '2024-04-25 06:00:00', 'Lam Luk Ka', 13.930000, 100.750000, 38.00, 0.00, 42.00),
(393, '2024-04-25 06:00:00', 'Thanyaburi', 14.020000, 100.730000, 38.00, 0.00, 42.00),
(394, '2024-04-25 07:00:00', 'Lam Luk Ka', 13.930000, 100.750000, 39.00, 0.00, 36.00),
(395, '2024-04-25 07:00:00', 'Thanyaburi', 14.020000, 100.730000, 39.00, 0.00, 36.00),
(396, '2024-04-25 08:00:00', 'Lam Luk Ka', 13.930000, 100.750000, 39.00, 0.00, 36.00),
(397, '2024-04-25 08:00:00', 'Thanyaburi', 14.020000, 100.730000, 39.30, 0.00, 27.00),
(398, '2024-04-25 09:00:00', 'Thanyaburi', 14.020000, 100.730000, 38.00, 0.00, 33.00),
(399, '2024-04-25 09:00:00', 'Lam Luk Ka', 13.930000, 100.750000, 38.00, 0.00, 33.00),
(400, '2024-04-25 10:00:00', 'Thanyaburi', 14.020000, 100.730000, 38.00, 0.00, 29.00),
(401, '2024-04-25 10:00:00', 'Lam Luk Ka', 13.930000, 100.750000, 38.00, 0.00, 29.00),
(402, '2024-04-25 11:00:00', 'Lam Luk Ka', 13.930000, 100.750000, 37.00, 0.00, 35.00),
(403, '2024-04-25 11:00:00', 'Thanyaburi', 14.020000, 100.730000, 35.80, 0.00, 31.00),
(404, '2024-04-25 12:00:00', 'Thanyaburi', 14.020000, 100.730000, 35.00, 0.00, 44.00),
(405, '2024-04-25 12:00:00', 'Lam Luk Ka', 13.930000, 100.750000, 35.00, 0.00, 44.00),
(406, '2024-04-25 13:00:00', 'Lam Luk Ka', 13.930000, 100.750000, 33.00, 0.00, 56.00),
(407, '2024-04-25 13:00:00', 'Thanyaburi', 14.020000, 100.730000, 33.00, 0.00, 56.00),
(408, '2024-04-25 14:00:00', 'Thanyaburi', 14.020000, 100.730000, 32.00, 0.00, 59.00),
(409, '2024-04-25 14:00:00', 'Lam Luk Ka', 13.930000, 100.750000, 32.00, 0.00, 59.00),
(410, '2024-04-25 15:00:00', 'Lam Luk Ka', 13.930000, 100.750000, 31.00, 0.00, 66.00),
(411, '2024-04-25 15:00:00', 'Thanyaburi', 14.020000, 100.730000, 31.20, 0.00, 56.00),
(412, '2024-04-25 16:00:00', 'Thanyaburi', 14.020000, 100.730000, 30.50, 0.00, 61.00),
(413, '2024-04-25 16:00:00', 'Lam Luk Ka', 13.930000, 100.750000, 32.00, 0.00, 63.00),
(414, '2024-04-25 17:00:00', 'Lam Luk Ka', 13.930000, 100.750000, 30.00, 0.00, 64.00),
(415, '2024-04-25 17:00:00', 'Thanyaburi', 14.020000, 100.730000, 30.00, 0.00, 64.00),
(416, '2024-04-25 18:00:00', 'Thanyaburi', 14.020000, 100.730000, 30.00, 0.00, 64.00),
(417, '2024-04-25 18:00:00', 'Lam Luk Ka', 13.930000, 100.750000, 30.00, 0.00, 64.00),
(418, '2024-04-25 19:00:00', 'Lam Luk Ka', 13.930000, 100.750000, 29.80, 0.00, 64.00),
(419, '2024-04-25 19:00:00', 'Thanyaburi', 14.020000, 100.730000, 29.80, 0.00, 64.00),
(420, '2024-04-25 20:00:00', 'Thanyaburi', 14.020000, 100.730000, 29.50, 0.00, 65.00),
(421, '2024-04-25 20:00:00', 'Lam Luk Ka', 13.930000, 100.750000, 29.50, 0.00, 65.00),
(422, '2024-04-25 21:00:00', 'Lam Luk Ka', 13.930000, 100.750000, 30.00, 0.00, 75.00),
(423, '2024-04-25 21:00:00', 'Thanyaburi', 14.020000, 100.730000, 30.00, 0.00, 75.00),
(424, '2024-04-25 22:00:00', 'Lam Luk Ka', 13.930000, 100.750000, 30.00, 0.00, 79.00),
(425, '2024-04-25 22:00:00', 'Thanyaburi', 14.020000, 100.730000, 29.30, 0.00, 66.00),
(426, '2024-04-25 23:00:00', 'Thanyaburi', 14.020000, 100.730000, 29.30, 0.00, 67.00),
(427, '2024-04-25 23:00:00', 'Lam Luk Ka', 13.930000, 100.750000, 30.00, 0.00, 79.00),
(428, '2024-04-26 00:00:00', 'Thanyaburi', 14.020000, 100.730000, 30.00, 0.00, 79.00),
(429, '2024-04-26 00:00:00', 'Lam Luk Ka', 13.930000, 100.750000, 30.00, 0.00, 79.00),
(430, '2024-04-26 01:00:00', 'Thanyaburi', 14.020000, 100.730000, 32.60, 0.00, 53.00),
(431, '2024-04-26 01:00:00', 'Lam Luk Ka', 13.930000, 100.750000, 32.60, 0.00, 53.00),
(432, '2024-04-26 02:00:00', 'Lam Luk Ka', 13.930000, 100.750000, 32.00, 0.00, 71.00),
(433, '2024-04-26 02:00:00', 'Thanyaburi', 14.020000, 100.730000, 32.00, 0.00, 71.00),
(434, '2024-04-26 03:00:00', 'Thanyaburi', 14.020000, 100.730000, 35.00, 0.00, 56.00),
(435, '2024-04-26 03:00:00', 'Lam Luk Ka', 13.930000, 100.750000, 35.00, 0.00, 56.00),
(436, '2024-04-26 04:00:00', 'Thanyaburi', 14.020000, 100.730000, 36.00, 0.00, 53.00),
(437, '2024-04-26 04:00:00', 'Lam Luk Ka', 13.930000, 100.750000, 36.00, 0.00, 53.00),
(438, '2024-04-26 05:00:00', 'Lam Luk Ka', 13.930000, 100.750000, 37.00, 0.00, 51.00),
(439, '2024-04-26 05:00:00', 'Thanyaburi', 14.020000, 100.730000, 37.00, 0.00, 51.00),
(440, '2024-04-26 06:00:00', 'Thanyaburi', 14.020000, 100.730000, 39.60, 0.00, 28.00),
(441, '2024-04-26 06:00:00', 'Lam Luk Ka', 13.930000, 100.750000, 39.60, 0.00, 28.00),
(442, '2024-04-26 07:00:00', 'Thanyaburi', 14.020000, 100.730000, 39.60, 0.00, 27.00),
(443, '2024-04-26 07:00:00', 'Lam Luk Ka', 13.930000, 100.750000, 39.60, 0.00, 27.00),
(444, '2024-04-26 08:00:00', 'Thanyaburi', 14.020000, 100.730000, 39.40, 0.00, 27.00),
(445, '2024-04-26 08:00:00', 'Lam Luk Ka', 13.930000, 100.750000, 39.40, 0.00, 27.00),
(446, '2024-04-26 09:00:00', 'Lam Luk Ka', 13.930000, 100.750000, 39.00, 0.00, 26.00),
(447, '2024-04-26 09:00:00', 'Thanyaburi', 14.020000, 100.730000, 39.00, 0.00, 26.00),
(448, '2024-04-26 10:00:00', 'Lam Luk Ka', 13.930000, 100.750000, 38.00, 0.00, 38.00),
(449, '2024-04-26 10:00:00', 'Thanyaburi', 14.020000, 100.730000, 38.00, 0.00, 38.00),
(450, '2024-04-26 11:00:00', 'Thanyaburi', 14.020000, 100.730000, 37.00, 0.00, 42.00),
(451, '2024-04-26 11:00:00', 'Lam Luk Ka', 13.930000, 100.750000, 37.00, 0.00, 42.00),
(452, '2024-04-26 12:00:00', 'Thanyaburi', 14.020000, 100.730000, 35.00, 0.00, 39.00),
(453, '2024-04-26 12:00:00', 'Lam Luk Ka', 13.930000, 100.750000, 35.00, 0.00, 39.00),
(454, '2024-04-26 13:00:00', 'Thanyaburi', 14.020000, 100.730000, 33.00, 0.00, 53.00),
(455, '2024-04-26 13:00:00', 'Lam Luk Ka', 13.930000, 100.750000, 33.00, 0.00, 53.00),
(456, '2024-04-26 14:00:00', 'Lam Luk Ka', 13.930000, 100.750000, 32.00, 0.00, 63.00),
(457, '2024-04-26 14:00:00', 'Thanyaburi', 14.020000, 100.730000, 32.00, 0.00, 63.00),
(458, '2024-04-26 15:00:00', 'Thanyaburi', 14.020000, 100.730000, 32.00, 0.00, 67.00),
(459, '2024-04-26 15:00:00', 'Lam Luk Ka', 13.930000, 100.750000, 32.00, 0.00, 67.00),
(460, '2024-04-26 16:00:00', 'Thanyaburi', 14.020000, 100.730000, 31.00, 0.00, 71.00),
(461, '2024-04-26 16:00:00', 'Lam Luk Ka', 13.930000, 100.750000, 31.00, 0.00, 71.00),
(462, '2024-04-26 17:00:00', 'Lam Luk Ka', 13.930000, 100.750000, 31.00, 0.00, 71.00),
(463, '2024-04-26 17:00:00', 'Thanyaburi', 14.020000, 100.730000, 31.00, 0.00, 71.00),
(464, '2024-04-26 18:00:00', 'Lam Luk Ka', 13.930000, 100.750000, 31.00, 0.00, 75.00),
(465, '2024-04-26 18:00:00', 'Thanyaburi', 14.020000, 100.730000, 31.00, 0.00, 75.00),
(466, '2024-04-26 19:00:00', 'Thanyaburi', 14.020000, 100.730000, 31.00, 0.00, 75.00),
(467, '2024-04-26 19:00:00', 'Lam Luk Ka', 13.930000, 100.750000, 31.00, 0.00, 75.00),
(468, '2024-04-26 20:00:00', 'Lam Luk Ka', 13.930000, 100.750000, 31.00, 0.00, 75.00),
(469, '2024-04-26 20:00:00', 'Thanyaburi', 14.020000, 100.730000, 31.00, 0.00, 75.00),
(470, '2024-04-26 21:00:00', 'Thanyaburi', 14.020000, 100.730000, 31.00, 0.00, 75.00),
(471, '2024-04-26 21:00:00', 'Lam Luk Ka', 13.930000, 100.750000, 31.00, 0.00, 75.00),
(472, '2024-04-26 22:00:00', 'Thanyaburi', 14.020000, 100.730000, 31.00, 0.00, 75.00),
(473, '2024-04-26 22:00:00', 'Lam Luk Ka', 13.930000, 100.750000, 31.00, 0.00, 75.00),
(474, '2024-04-26 23:00:00', 'Lam Luk Ka', 13.930000, 100.750000, 30.00, 0.00, 79.00),
(475, '2024-04-26 23:00:00', 'Thanyaburi', 14.020000, 100.730000, 30.00, 0.00, 79.00),
(476, '2024-04-27 00:00:00', 'Thanyaburi', 14.020000, 100.730000, 30.00, 0.00, 84.00),
(477, '2024-04-27 00:00:00', 'Lam Luk Ka', 13.930000, 100.750000, 30.00, 0.00, 84.00),
(478, '2024-04-27 01:00:00', 'Lam Luk Ka', 13.930000, 100.750000, 32.70, 0.00, 60.00),
(479, '2024-04-27 01:00:00', 'Thanyaburi', 14.020000, 100.730000, 32.70, 0.00, 60.00),
(480, '2024-04-27 02:00:00', 'Thanyaburi', 14.020000, 100.730000, 33.00, 0.00, 71.00),
(481, '2024-04-27 02:00:00', 'Lam Luk Ka', 13.930000, 100.750000, 33.00, 0.00, 71.00),
(482, '2024-04-27 03:00:00', 'Lam Luk Ka', 13.930000, 100.750000, 35.00, 0.00, 60.00),
(483, '2024-04-27 03:00:00', 'Thanyaburi', 14.020000, 100.730000, 35.00, 0.00, 60.00),
(484, '2024-04-27 04:00:00', 'Thanyaburi', 14.020000, 100.730000, 36.00, 0.00, 53.00),
(485, '2024-04-27 04:00:00', 'Lam Luk Ka', 13.930000, 100.750000, 36.00, 0.00, 53.00),
(486, '2024-04-27 05:00:00', 'Thanyaburi', 14.020000, 100.730000, 38.00, 0.00, 45.00),
(487, '2024-04-27 05:00:00', 'Lam Luk Ka', 13.930000, 100.750000, 38.00, 0.00, 45.00),
(488, '2024-04-27 06:00:00', 'Thanyaburi', 14.020000, 100.730000, 38.00, 0.00, 48.00),
(489, '2024-04-27 06:00:00', 'Lam Luk Ka', 13.930000, 100.750000, 38.00, 0.00, 48.00),
(490, '2024-04-27 07:00:00', 'Thanyaburi', 14.020000, 100.730000, 39.00, 0.00, 48.00),
(491, '2024-04-27 07:00:00', 'Lam Luk Ka', 13.930000, 100.750000, 39.00, 0.00, 48.00),
(492, '2024-04-27 08:00:00', 'Lam Luk Ka', 13.930000, 100.750000, 38.00, 0.00, 51.00),
(493, '2024-04-27 08:00:00', 'Thanyaburi', 14.020000, 100.730000, 38.00, 0.00, 51.00),
(494, '2024-04-27 09:00:00', 'Lam Luk Ka', 13.930000, 100.750000, 38.00, 0.00, 51.00),
(495, '2024-04-27 09:00:00', 'Thanyaburi', 14.020000, 100.730000, 38.00, 0.00, 51.00),
(496, '2024-04-27 10:00:00', 'Lam Luk Ka', 13.930000, 100.750000, 38.00, 0.00, 48.00),
(497, '2024-04-27 10:00:00', 'Thanyaburi', 14.020000, 100.730000, 38.00, 0.00, 48.00),
(498, '2024-04-27 11:00:00', 'Lam Luk Ka', 13.930000, 100.750000, 37.00, 0.00, 45.00),
(499, '2024-04-27 11:00:00', 'Thanyaburi', 14.020000, 100.730000, 37.00, 0.00, 45.00),
(500, '2024-04-27 12:00:00', 'Thanyaburi', 14.020000, 100.730000, 35.00, 0.00, 56.00),
(501, '2024-04-27 12:00:00', 'Lam Luk Ka', 13.930000, 100.750000, 35.00, 0.00, 56.00),
(502, '2024-04-27 13:00:00', 'Thanyaburi', 14.020000, 100.730000, 33.00, 0.00, 67.00),
(503, '2024-04-27 13:00:00', 'Lam Luk Ka', 13.930000, 100.750000, 33.00, 0.00, 67.00),
(504, '2024-04-27 14:00:00', 'Thanyaburi', 14.020000, 100.730000, 32.00, 0.00, 67.00),
(505, '2024-04-27 14:00:00', 'Lam Luk Ka', 13.930000, 100.750000, 32.00, 0.00, 67.00),
(506, '2024-04-27 15:00:00', 'Thanyaburi', 14.020000, 100.730000, 31.00, 0.00, 75.00),
(507, '2024-04-27 15:00:00', 'Lam Luk Ka', 13.930000, 100.750000, 31.00, 0.00, 75.00),
(508, '2024-04-27 16:00:00', 'Lam Luk Ka', 13.930000, 100.750000, 31.00, 0.00, 71.00),
(509, '2024-04-27 16:00:00', 'Thanyaburi', 14.020000, 100.730000, 31.00, 0.00, 71.00),
(510, '2024-04-27 17:00:00', 'Thanyaburi', 14.020000, 100.730000, 31.00, 0.00, 79.00),
(511, '2024-04-27 17:00:00', 'Lam Luk Ka', 13.930000, 100.750000, 31.00, 0.00, 79.00),
(512, '2024-04-27 18:00:00', 'Thanyaburi', 14.020000, 100.730000, 31.00, 0.00, 75.00),
(513, '2024-04-27 18:00:00', 'Lam Luk Ka', 13.930000, 100.750000, 31.00, 0.00, 75.00),
(514, '2024-04-27 19:00:00', 'Thanyaburi', 14.020000, 100.730000, 31.00, 0.00, 75.00),
(515, '2024-04-27 19:00:00', 'Lam Luk Ka', 13.930000, 100.750000, 31.00, 0.00, 75.00),
(516, '2024-04-27 20:00:00', 'Thanyaburi', 14.020000, 100.730000, 31.00, 0.00, 75.00),
(517, '2024-04-27 20:00:00', 'Lam Luk Ka', 13.930000, 100.750000, 31.00, 0.00, 75.00),
(518, '2024-04-27 21:00:00', 'Lam Luk Ka', 13.930000, 100.750000, 31.00, 0.00, 79.00),
(519, '2024-04-27 21:00:00', 'Thanyaburi', 14.020000, 100.730000, 31.00, 0.00, 79.00),
(520, '2024-04-27 22:00:00', 'Lam Luk Ka', 13.930000, 100.750000, 31.00, 0.00, 79.00),
(521, '2024-04-27 22:00:00', 'Thanyaburi', 14.020000, 100.730000, 31.00, 0.00, 79.00),
(522, '2024-04-27 23:00:00', 'Thanyaburi', 14.020000, 100.730000, 31.00, 0.00, 79.00),
(523, '2024-04-27 23:00:00', 'Lam Luk Ka', 13.930000, 100.750000, 31.00, 0.00, 79.00),
(524, '2024-04-28 00:00:00', 'Lam Luk Ka', 13.930000, 100.750000, 31.00, 0.00, 79.00),
(525, '2024-04-28 00:00:00', 'Thanyaburi', 14.020000, 100.730000, 31.00, 0.00, 79.00),
(526, '2024-04-28 01:00:00', 'Lam Luk Ka', 13.930000, 100.750000, 32.60, 0.00, 63.00),
(527, '2024-04-28 01:00:00', 'Thanyaburi', 14.020000, 100.730000, 32.60, 0.00, 63.00),
(528, '2024-04-28 02:00:00', 'Lam Luk Ka', 13.930000, 100.750000, 33.00, 0.00, 71.00),
(529, '2024-04-28 02:00:00', 'Thanyaburi', 14.020000, 100.730000, 33.00, 0.00, 71.00),
(530, '2024-04-28 03:00:00', 'Thanyaburi', 14.020000, 100.730000, 35.00, 0.00, 60.00),
(531, '2024-04-28 03:00:00', 'Lam Luk Ka', 13.930000, 100.750000, 35.00, 0.00, 60.00),
(532, '2024-04-28 04:00:00', 'Thanyaburi', 14.020000, 100.730000, 36.00, 0.00, 57.00),
(533, '2024-04-28 04:00:00', 'Lam Luk Ka', 13.930000, 100.750000, 36.00, 0.00, 57.00),
(534, '2024-04-28 05:00:00', 'Thanyaburi', 14.020000, 100.730000, 37.00, 0.00, 54.00),
(535, '2024-04-28 05:00:00', 'Lam Luk Ka', 13.930000, 100.750000, 37.00, 0.00, 54.00),
(536, '2024-04-28 06:00:00', 'Lam Luk Ka', 13.930000, 100.750000, 38.00, 0.00, 51.00),
(537, '2024-04-28 06:00:00', 'Thanyaburi', 14.020000, 100.730000, 38.00, 0.00, 51.00),
(538, '2024-04-28 07:00:00', 'Thanyaburi', 14.020000, 100.730000, 37.00, 0.00, 54.00),
(539, '2024-04-28 07:00:00', 'Lam Luk Ka', 13.930000, 100.750000, 37.00, 0.00, 54.00),
(540, '2024-04-28 08:00:00', 'Lam Luk Ka', 13.930000, 100.750000, 38.00, 0.00, 48.00),
(541, '2024-04-28 08:00:00', 'Thanyaburi', 14.020000, 100.730000, 38.00, 0.00, 48.00),
(542, '2024-04-28 09:00:00', 'Lam Luk Ka', 13.930000, 100.750000, 37.00, 0.00, 48.00),
(543, '2024-04-28 09:00:00', 'Thanyaburi', 14.020000, 100.730000, 37.00, 0.00, 48.00),
(544, '2024-04-28 10:00:00', 'Thanyaburi', 14.020000, 100.730000, 37.00, 0.00, 48.00),
(545, '2024-04-28 10:00:00', 'Lam Luk Ka', 13.930000, 100.750000, 37.00, 0.00, 48.00),
(546, '2024-04-28 11:00:00', 'Thanyaburi', 14.020000, 100.730000, 36.00, 0.00, 47.00),
(547, '2024-04-28 11:00:00', 'Lam Luk Ka', 13.930000, 100.750000, 36.00, 0.00, 47.00),
(548, '2024-04-28 12:00:00', 'Lam Luk Ka', 13.930000, 100.750000, 34.00, 0.00, 56.00),
(549, '2024-04-28 12:00:00', 'Thanyaburi', 14.020000, 100.730000, 34.00, 0.00, 56.00),
(550, '2024-04-28 13:00:00', 'Thanyaburi', 14.020000, 100.730000, 32.00, 0.00, 67.00),
(551, '2024-04-28 13:00:00', 'Lam Luk Ka', 13.930000, 100.750000, 32.00, 0.00, 67.00),
(552, '2024-04-28 14:00:00', 'Thanyaburi', 14.020000, 100.730000, 32.00, 0.00, 71.00),
(553, '2024-04-28 14:00:00', 'Lam Luk Ka', 13.930000, 100.750000, 32.00, 0.00, 71.00),
(554, '2024-04-28 15:00:00', 'Thanyaburi', 14.020000, 100.730000, 31.00, 0.00, 75.00),
(555, '2024-04-28 15:00:00', 'Lam Luk Ka', 13.930000, 100.750000, 31.00, 0.00, 75.00),
(556, '2024-04-28 16:00:00', 'Thanyaburi', 14.020000, 100.730000, 31.00, 0.00, 79.00),
(557, '2024-04-28 16:00:00', 'Lam Luk Ka', 13.930000, 100.750000, 31.00, 0.00, 79.00),
(558, '2024-04-28 17:00:00', 'Lam Luk Ka', 13.930000, 100.750000, 31.00, 0.00, 75.00),
(559, '2024-04-28 17:00:00', 'Thanyaburi', 14.020000, 100.730000, 31.00, 0.00, 75.00),
(560, '2024-04-28 18:00:00', 'Thanyaburi', 14.020000, 100.730000, 31.00, 0.00, 75.00),
(561, '2024-04-28 18:00:00', 'Lam Luk Ka', 13.930000, 100.750000, 31.00, 0.00, 75.00),
(562, '2024-04-28 19:00:00', 'Lam Luk Ka', 13.930000, 100.750000, 31.00, 0.00, 75.00),
(563, '2024-04-28 19:00:00', 'Thanyaburi', 14.020000, 100.730000, 31.00, 0.00, 75.00),
(564, '2024-04-28 20:00:00', 'Thanyaburi', 14.020000, 100.730000, 31.00, 0.00, 75.00),
(565, '2024-04-28 20:00:00', 'Lam Luk Ka', 13.930000, 100.750000, 31.00, 0.00, 75.00),
(566, '2024-04-28 21:00:00', 'Lam Luk Ka', 13.930000, 100.750000, 31.00, 0.00, 75.00),
(567, '2024-04-28 21:00:00', 'Thanyaburi', 14.020000, 100.730000, 31.00, 0.00, 75.00),
(568, '2024-04-28 22:00:00', 'Lam Luk Ka', 13.930000, 100.750000, 31.00, 0.00, 79.00),
(569, '2024-04-28 22:00:00', 'Thanyaburi', 14.020000, 100.730000, 31.00, 0.00, 79.00),
(570, '2024-04-28 23:00:00', 'Thanyaburi', 14.020000, 100.730000, 31.00, 0.00, 79.00),
(571, '2024-04-28 23:00:00', 'Lam Luk Ka', 13.930000, 100.750000, 31.00, 0.00, 79.00),
(572, '2024-04-29 00:00:00', 'Thanyaburi', 14.020000, 100.730000, 31.00, 0.00, 79.00),
(573, '2024-04-29 00:00:00', 'Lam Luk Ka', 13.930000, 100.750000, 31.00, 0.00, 79.00),
(574, '2024-04-29 01:00:00', 'Thanyaburi', 14.020000, 100.730000, 32.70, 0.00, 61.00),
(575, '2024-04-29 01:00:00', 'Lam Luk Ka', 13.930000, 100.750000, 32.70, 0.00, 61.00),
(576, '2024-04-29 02:00:00', 'Thanyaburi', 14.020000, 100.730000, 33.00, 0.00, 67.00),
(577, '2024-04-29 02:00:00', 'Lam Luk Ka', 13.930000, 100.750000, 33.00, 0.00, 67.00),
(578, '2024-04-29 03:00:00', 'Lam Luk Ka', 13.930000, 100.750000, 35.00, 0.00, 60.00),
(579, '2024-04-29 03:00:00', 'Thanyaburi', 14.020000, 100.730000, 35.00, 0.00, 60.00),
(580, '2024-04-29 04:00:00', 'Thanyaburi', 14.020000, 100.730000, 36.00, 0.00, 53.00),
(581, '2024-04-29 04:00:00', 'Lam Luk Ka', 13.930000, 100.750000, 36.00, 0.00, 53.00),
(582, '2024-04-29 05:00:00', 'Thanyaburi', 14.020000, 100.730000, 37.00, 0.00, 51.00),
(583, '2024-04-29 05:00:00', 'Lam Luk Ka', 13.930000, 100.750000, 37.00, 0.00, 51.00),
(584, '2024-04-29 06:00:00', 'Thanyaburi', 14.020000, 100.730000, 37.00, 0.00, 51.00),
(585, '2024-04-29 06:00:00', 'Lam Luk Ka', 13.930000, 100.750000, 37.00, 0.00, 51.00),
(586, '2024-04-29 07:00:00', 'Lam Luk Ka', 13.930000, 100.750000, 38.00, 0.00, 48.00),
(587, '2024-04-29 07:00:00', 'Thanyaburi', 14.020000, 100.730000, 38.00, 0.00, 48.00),
(588, '2024-04-29 08:00:00', 'Thanyaburi', 14.020000, 100.730000, 38.00, 0.00, 45.00);
INSERT INTO `weather_api` (`weather_id`, `timestamp`, `location`, `lat`, `lon`, `temp`, `precip`, `humid`) VALUES
(589, '2024-04-29 08:00:00', 'Lam Luk Ka', 13.930000, 100.750000, 38.00, 0.00, 45.00),
(590, '2024-04-29 09:00:00', 'Lam Luk Ka', 13.930000, 100.750000, 38.00, 0.00, 45.00),
(591, '2024-04-29 09:00:00', 'Thanyaburi', 14.020000, 100.730000, 38.00, 0.00, 45.00),
(592, '2024-04-29 10:00:00', 'Lam Luk Ka', 13.930000, 100.750000, 38.00, 0.00, 45.00),
(593, '2024-04-29 10:00:00', 'Thanyaburi', 14.020000, 100.730000, 38.00, 0.00, 45.00),
(594, '2024-04-29 11:00:00', 'Thanyaburi', 14.020000, 100.730000, 37.00, 0.00, 45.00),
(595, '2024-04-29 11:00:00', 'Lam Luk Ka', 13.930000, 100.750000, 37.00, 0.00, 45.00),
(596, '2024-04-29 12:00:00', 'Lam Luk Ka', 13.930000, 100.750000, 35.00, 0.00, 47.00),
(597, '2024-04-29 12:00:00', 'Thanyaburi', 14.020000, 100.730000, 35.00, 0.00, 47.00),
(598, '2024-04-29 13:00:00', 'Thanyaburi', 14.020000, 100.730000, 34.00, 0.00, 56.00),
(599, '2024-04-29 13:00:00', 'Lam Luk Ka', 13.930000, 100.750000, 32.00, 0.00, 67.00),
(600, '2024-04-29 14:00:00', 'Thanyaburi', 14.020000, 100.730000, 32.00, 0.00, 67.00),
(601, '2024-04-29 14:00:00', 'Lam Luk Ka', 13.930000, 100.750000, 32.00, 0.00, 67.00),
(602, '2024-04-29 15:00:00', 'Thanyaburi', 14.020000, 100.730000, 32.00, 0.00, 71.00),
(603, '2024-04-29 15:00:00', 'Lam Luk Ka', 13.930000, 100.750000, 32.00, 0.00, 71.00),
(604, '2024-04-29 16:00:00', 'Thanyaburi', 14.020000, 100.730000, 31.00, 0.00, 75.00),
(605, '2024-04-29 16:00:00', 'Lam Luk Ka', 13.930000, 100.750000, 31.00, 0.00, 75.00),
(606, '2024-04-29 17:00:00', 'Thanyaburi', 14.020000, 100.730000, 31.00, 0.00, 79.00),
(607, '2024-04-29 17:00:00', 'Lam Luk Ka', 13.930000, 100.750000, 31.00, 0.00, 79.00),
(608, '2024-04-29 18:00:00', 'Thanyaburi', 14.020000, 100.730000, 31.00, 0.00, 75.00),
(609, '2024-04-29 18:00:00', 'Lam Luk Ka', 13.930000, 100.750000, 31.00, 0.00, 75.00),
(610, '2024-04-29 19:00:00', 'Thanyaburi', 14.020000, 100.730000, 31.00, 0.00, 75.00),
(611, '2024-04-29 19:00:00', 'Lam Luk Ka', 13.930000, 100.750000, 31.00, 0.00, 75.00),
(612, '2024-04-29 20:00:00', 'Thanyaburi', 14.020000, 100.730000, 31.00, 0.00, 75.00),
(613, '2024-04-29 20:00:00', 'Lam Luk Ka', 13.930000, 100.750000, 31.00, 0.00, 75.00),
(614, '2024-04-29 21:00:00', 'Thanyaburi', 14.020000, 100.730000, 31.00, 0.00, 75.00),
(615, '2024-04-29 21:00:00', 'Lam Luk Ka', 13.930000, 100.750000, 31.00, 0.00, 75.00),
(616, '2024-04-29 22:00:00', 'Thanyaburi', 14.020000, 100.730000, 31.00, 0.00, 79.00),
(617, '2024-04-29 22:00:00', 'Lam Luk Ka', 13.930000, 100.750000, 31.00, 0.00, 79.00),
(618, '2024-04-29 23:00:00', 'Thanyaburi', 14.020000, 100.730000, 31.00, 0.00, 79.00),
(619, '2024-04-29 23:00:00', 'Lam Luk Ka', 13.930000, 100.750000, 31.00, 0.00, 79.00),
(620, '2024-04-30 00:00:00', 'Thanyaburi', 14.020000, 100.730000, 31.00, 0.00, 79.00),
(621, '2024-04-30 00:00:00', 'Lam Luk Ka', 13.930000, 100.750000, 31.00, 0.00, 79.00),
(622, '2024-04-30 01:00:00', 'Lam Luk Ka', 13.930000, 100.750000, 33.00, 0.00, 59.00),
(623, '2024-04-30 01:00:00', 'Thanyaburi', 14.020000, 100.730000, 33.00, 0.00, 59.00),
(624, '2024-04-30 02:00:00', 'Lam Luk Ka', 13.930000, 100.750000, 34.00, 0.00, 60.00),
(625, '2024-04-30 02:00:00', 'Thanyaburi', 14.020000, 100.730000, 34.00, 0.00, 60.00),
(626, '2024-04-30 03:00:00', 'Lam Luk Ka', 13.930000, 100.750000, 36.00, 0.00, 42.00),
(627, '2024-04-30 03:00:00', 'Thanyaburi', 14.020000, 100.730000, 36.00, 0.00, 42.00),
(628, '2024-04-30 04:00:00', 'Lam Luk Ka', 13.930000, 100.750000, 37.00, 0.00, 35.00),
(629, '2024-04-30 04:00:00', 'Thanyaburi', 14.020000, 100.730000, 37.00, 0.00, 35.00),
(630, '2024-04-30 05:00:00', 'Thanyaburi', 14.020000, 100.730000, 38.00, 0.00, 29.00),
(631, '2024-04-30 05:00:00', 'Lam Luk Ka', 13.930000, 100.750000, 38.00, 0.00, 29.00),
(632, '2024-04-30 06:00:00', 'Lam Luk Ka', 13.930000, 100.750000, 40.00, 0.00, 28.00),
(633, '2024-04-30 06:00:00', 'Thanyaburi', 14.020000, 100.730000, 40.00, 0.00, 28.00),
(634, '2024-04-30 07:00:00', 'Lam Luk Ka', 13.930000, 100.750000, 40.00, 0.00, 26.00),
(635, '2024-04-30 07:00:00', 'Thanyaburi', 14.020000, 100.730000, 40.00, 0.00, 26.00),
(636, '2024-04-30 08:00:00', 'Thanyaburi', 14.020000, 100.730000, 41.00, 0.00, 28.00),
(637, '2024-04-30 08:00:00', 'Lam Luk Ka', 13.930000, 100.750000, 41.00, 0.00, 28.00),
(638, '2024-04-30 09:00:00', 'Lam Luk Ka', 13.930000, 100.750000, 39.00, 0.00, 36.00),
(639, '2024-04-30 09:00:00', 'Thanyaburi', 14.020000, 100.730000, 39.00, 0.00, 36.00),
(640, '2024-04-30 10:00:00', 'Lam Luk Ka', 13.930000, 100.750000, 38.00, 0.00, 35.00),
(641, '2024-04-30 10:00:00', 'Thanyaburi', 14.020000, 100.730000, 38.00, 0.00, 35.00),
(642, '2024-04-30 11:00:00', 'Thanyaburi', 14.020000, 100.730000, 37.00, 0.00, 37.00),
(643, '2024-04-30 11:00:00', 'Lam Luk Ka', 13.930000, 100.750000, 37.00, 0.00, 37.00),
(644, '2024-04-30 12:00:00', 'Lam Luk Ka', 13.930000, 100.750000, 34.00, 0.00, 60.00),
(645, '2024-04-30 12:00:00', 'Thanyaburi', 14.020000, 100.730000, 34.00, 0.00, 60.00),
(646, '2024-04-30 13:00:00', 'Thanyaburi', 14.020000, 100.730000, 33.00, 0.00, 67.00),
(647, '2024-04-30 13:00:00', 'Lam Luk Ka', 13.930000, 100.750000, 33.00, 0.00, 67.00),
(648, '2024-04-30 14:00:00', 'Lam Luk Ka', 13.930000, 100.750000, 32.00, 0.00, 71.00),
(649, '2024-04-30 14:00:00', 'Thanyaburi', 14.020000, 100.730000, 32.00, 0.00, 71.00),
(650, '2024-04-30 15:00:00', 'Lam Luk Ka', 13.930000, 100.750000, 32.00, 0.00, 71.00),
(651, '2024-04-30 15:00:00', 'Thanyaburi', 14.020000, 100.730000, 32.00, 0.00, 71.00),
(652, '2024-04-30 16:00:00', 'Lam Luk Ka', 13.930000, 100.750000, 32.00, 0.00, 75.00),
(653, '2024-04-30 16:00:00', 'Thanyaburi', 14.020000, 100.730000, 32.00, 0.00, 75.00),
(654, '2024-04-30 17:00:00', 'Lam Luk Ka', 13.930000, 100.750000, 32.00, 0.00, 71.00),
(655, '2024-04-30 17:00:00', 'Thanyaburi', 14.020000, 100.730000, 32.00, 0.00, 71.00),
(656, '2024-04-30 18:00:00', 'Lam Luk Ka', 13.930000, 100.750000, 31.00, 0.00, 79.00),
(657, '2024-04-30 18:00:00', 'Thanyaburi', 14.020000, 100.730000, 31.00, 0.00, 79.00),
(658, '2024-04-30 19:00:00', 'Thanyaburi', 14.020000, 100.730000, 31.00, 0.00, 79.00),
(659, '2024-04-30 19:00:00', 'Lam Luk Ka', 13.930000, 100.750000, 31.00, 0.00, 79.00),
(660, '2024-04-30 20:00:00', 'Thanyaburi', 14.020000, 100.730000, 31.00, 0.00, 79.00),
(661, '2024-04-30 20:00:00', 'Lam Luk Ka', 13.930000, 100.750000, 31.00, 0.00, 79.00),
(662, '2024-04-30 21:00:00', 'Thanyaburi', 14.020000, 100.730000, 31.00, 0.00, 79.00),
(663, '2024-04-30 21:00:00', 'Lam Luk Ka', 13.930000, 100.750000, 31.00, 0.00, 79.00),
(664, '2024-04-30 22:00:00', 'Thanyaburi', 14.020000, 100.730000, 31.00, 0.00, 79.00),
(665, '2024-04-30 22:00:00', 'Lam Luk Ka', 13.930000, 100.750000, 31.00, 0.00, 79.00),
(666, '2024-04-30 23:00:00', 'Thanyaburi', 14.020000, 100.730000, 31.00, 0.00, 79.00),
(667, '2024-04-30 23:00:00', 'Lam Luk Ka', 13.930000, 100.750000, 31.00, 0.00, 79.00),
(668, '2024-05-01 00:00:00', 'Thanyaburi', 14.020000, 100.730000, 31.00, 0.00, 79.00),
(669, '2024-05-01 00:00:00', 'Lam Luk Ka', 13.930000, 100.750000, 31.00, 0.00, 79.00),
(670, '2024-05-01 01:00:00', 'Lam Luk Ka', 13.930000, 100.750000, 32.80, 0.00, 57.00),
(671, '2024-05-01 01:00:00', 'Thanyaburi', 14.020000, 100.730000, 32.80, 0.00, 57.00),
(672, '2024-05-01 02:00:00', 'Thanyaburi', 14.020000, 100.730000, 34.00, 0.00, 60.00),
(673, '2024-05-01 02:00:00', 'Lam Luk Ka', 13.930000, 100.750000, 34.00, 0.00, 60.00),
(674, '2024-05-01 03:00:00', 'Thanyaburi', 14.020000, 100.730000, 35.00, 0.00, 50.00),
(675, '2024-05-01 03:00:00', 'Lam Luk Ka', 13.930000, 100.750000, 35.00, 0.00, 50.00),
(676, '2024-05-01 04:00:00', 'Thanyaburi', 14.020000, 100.730000, 36.00, 0.00, 45.00),
(677, '2024-05-01 04:00:00', 'Lam Luk Ka', 13.930000, 100.750000, 36.00, 0.00, 45.00),
(678, '2024-05-01 05:00:00', 'Thanyaburi', 14.020000, 100.730000, 37.00, 0.00, 40.00),
(679, '2024-05-01 05:00:00', 'Lam Luk Ka', 13.930000, 100.750000, 37.00, 0.00, 40.00),
(680, '2024-05-01 06:00:00', 'Thanyaburi', 14.020000, 100.730000, 39.00, 0.00, 36.00),
(681, '2024-05-01 06:00:00', 'Lam Luk Ka', 13.930000, 100.750000, 39.00, 0.00, 36.00),
(682, '2024-05-01 07:00:00', 'Lam Luk Ka', 13.930000, 100.750000, 38.00, 0.00, 42.00),
(683, '2024-05-01 07:00:00', 'Thanyaburi', 14.020000, 100.730000, 38.00, 0.00, 42.00),
(684, '2024-05-01 08:00:00', 'Lam Luk Ka', 13.930000, 100.750000, 39.00, 0.00, 40.00),
(685, '2024-05-01 08:00:00', 'Thanyaburi', 14.020000, 100.730000, 39.00, 0.00, 40.00),
(686, '2024-05-01 09:00:00', 'Lam Luk Ka', 13.930000, 100.750000, 38.00, 0.00, 40.00),
(687, '2024-05-01 09:00:00', 'Thanyaburi', 14.020000, 100.730000, 38.00, 0.00, 40.00),
(688, '2024-05-01 10:00:00', 'Lam Luk Ka', 13.930000, 100.750000, 38.00, 0.00, 40.00),
(689, '2024-05-01 10:00:00', 'Thanyaburi', 14.020000, 100.730000, 38.00, 0.00, 40.00),
(690, '2024-05-01 11:00:00', 'Thanyaburi', 14.020000, 100.730000, 37.00, 0.00, 42.00),
(691, '2024-05-01 11:00:00', 'Lam Luk Ka', 13.930000, 100.750000, 37.00, 0.00, 42.00),
(692, '2024-05-01 12:00:00', 'Lam Luk Ka', 13.930000, 100.750000, 35.00, 0.00, 42.00),
(693, '2024-05-01 12:00:00', 'Thanyaburi', 14.020000, 100.730000, 35.00, 0.00, 42.00),
(694, '2024-05-01 13:00:00', 'Thanyaburi', 14.020000, 100.730000, 34.00, 0.00, 41.00),
(695, '2024-05-01 13:00:00', 'Lam Luk Ka', 13.930000, 100.750000, 34.00, 0.00, 41.00),
(696, '2024-05-01 14:00:00', 'Thanyaburi', 14.020000, 100.730000, 33.00, 0.00, 56.00),
(697, '2024-05-01 14:00:00', 'Lam Luk Ka', 13.930000, 100.750000, 33.00, 0.00, 56.00),
(698, '2024-05-01 15:00:00', 'Thanyaburi', 14.020000, 100.730000, 33.00, 0.00, 63.00),
(699, '2024-05-01 15:00:00', 'Lam Luk Ka', 13.930000, 100.750000, 33.00, 0.00, 63.00),
(700, '2024-05-01 16:00:00', 'Thanyaburi', 14.020000, 100.730000, 32.00, 0.00, 67.00),
(701, '2024-05-01 16:00:00', 'Lam Luk Ka', 13.930000, 100.750000, 32.00, 0.00, 67.00),
(702, '2024-05-01 17:00:00', 'Thanyaburi', 14.020000, 100.730000, 32.00, 0.00, 71.00),
(703, '2024-05-01 18:00:00', 'Thanyaburi', 14.020000, 100.730000, 32.00, 0.00, 71.00),
(704, '2024-05-01 18:00:00', 'Lam Luk Ka', 13.930000, 100.750000, 32.00, 0.00, 71.00),
(705, '2024-05-01 19:00:00', 'Lam Luk Ka', 13.930000, 100.750000, 31.00, 0.00, 75.00),
(706, '2024-05-01 19:00:00', 'Thanyaburi', 14.020000, 100.730000, 31.00, 0.00, 75.00),
(707, '2024-05-01 20:00:00', 'Thanyaburi', 14.020000, 100.730000, 31.00, 0.00, 75.00),
(708, '2024-05-01 20:00:00', 'Lam Luk Ka', 13.930000, 100.750000, 31.00, 0.00, 75.00),
(709, '2024-05-01 21:00:00', 'Thanyaburi', 14.020000, 100.730000, 31.00, 0.00, 75.00),
(710, '2024-05-01 21:00:00', 'Lam Luk Ka', 13.930000, 100.750000, 31.00, 0.00, 75.00),
(711, '2024-05-01 22:00:00', 'Thanyaburi', 14.020000, 100.730000, 31.00, 0.00, 79.00),
(712, '2024-05-01 22:00:00', 'Lam Luk Ka', 13.930000, 100.750000, 31.00, 0.00, 79.00),
(713, '2024-05-01 23:00:00', 'Thanyaburi', 14.020000, 100.730000, 31.00, 0.00, 79.00),
(714, '2024-05-01 23:00:00', 'Lam Luk Ka', 13.930000, 100.750000, 31.00, 0.00, 79.00),
(715, '2024-05-02 00:00:00', 'Thanyaburi', 14.020000, 100.730000, 31.00, 0.00, 79.00),
(716, '2024-05-02 00:00:00', 'Lam Luk Ka', 13.930000, 100.750000, 31.00, 0.00, 79.00),
(717, '2024-05-02 01:00:00', 'Lam Luk Ka', 13.930000, 100.750000, 32.90, 0.00, 59.00),
(718, '2024-05-02 01:00:00', 'Thanyaburi', 14.020000, 100.730000, 32.90, 0.00, 59.00),
(719, '2024-05-02 02:00:00', 'Thanyaburi', 14.020000, 100.730000, 33.00, 0.00, 71.00),
(720, '2024-05-02 02:00:00', 'Lam Luk Ka', 13.930000, 100.750000, 33.00, 0.00, 71.00),
(721, '2024-05-02 03:00:00', 'Lam Luk Ka', 13.930000, 100.750000, 35.00, 0.00, 53.00),
(722, '2024-05-02 03:00:00', 'Thanyaburi', 14.020000, 100.730000, 35.00, 0.00, 53.00),
(723, '2024-05-02 04:00:00', 'Thanyaburi', 14.020000, 100.730000, 36.00, 0.00, 50.00),
(724, '2024-05-02 04:00:00', 'Lam Luk Ka', 13.930000, 100.750000, 36.00, 0.00, 50.00),
(725, '2024-05-02 05:00:00', 'Thanyaburi', 14.020000, 100.730000, 38.00, 0.00, 45.00),
(726, '2024-05-02 05:00:00', 'Lam Luk Ka', 13.930000, 100.750000, 38.00, 0.00, 45.00),
(727, '2024-05-02 06:00:00', 'Thanyaburi', 14.020000, 100.730000, 38.00, 0.00, 45.00),
(728, '2024-05-02 06:00:00', 'Lam Luk Ka', 13.930000, 100.750000, 38.00, 0.00, 45.00);

--
-- Indexes for dumped tables
--

--
-- Indexes for table `bin`
--
ALTER TABLE `bin`
  ADD PRIMARY KEY (`bin_id`);

--
-- Indexes for table `waste`
--
ALTER TABLE `waste`
  ADD PRIMARY KEY (`waste_id`),
  ADD UNIQUE KEY `waste_id` (`waste_id`);

--
-- Indexes for table `waste_record`
--
ALTER TABLE `waste_record`
  ADD PRIMARY KEY (`id`),
  ADD KEY `timestamp` (`timestamp`);

--
-- Indexes for table `weather_api`
--
ALTER TABLE `weather_api`
  ADD PRIMARY KEY (`weather_id`),
  ADD UNIQUE KEY `weather_id` (`weather_id`);

--
-- AUTO_INCREMENT for dumped tables
--

--
-- AUTO_INCREMENT for table `bin`
--
ALTER TABLE `bin`
  MODIFY `bin_id` int NOT NULL AUTO_INCREMENT, AUTO_INCREMENT=3;

--
-- AUTO_INCREMENT for table `waste`
--
ALTER TABLE `waste`
  MODIFY `waste_id` int UNSIGNED NOT NULL AUTO_INCREMENT, AUTO_INCREMENT=435;

--
-- AUTO_INCREMENT for table `waste_record`
--
ALTER TABLE `waste_record`
  MODIFY `id` int NOT NULL AUTO_INCREMENT, AUTO_INCREMENT=512;

--
-- AUTO_INCREMENT for table `weather_api`
--
ALTER TABLE `weather_api`
  MODIFY `weather_id` int UNSIGNED NOT NULL AUTO_INCREMENT, AUTO_INCREMENT=729;
COMMIT;

/*!40101 SET CHARACTER_SET_CLIENT=@OLD_CHARACTER_SET_CLIENT */;
/*!40101 SET CHARACTER_SET_RESULTS=@OLD_CHARACTER_SET_RESULTS */;
/*!40101 SET COLLATION_CONNECTION=@OLD_COLLATION_CONNECTION */;
